{
  "__type__": "cc.Material",
  "_name": "shield",
  "_objFlags": 0,
  "_native": "",
  "_effectAsset": {
    "__uuid__": "1baf0fc9-befa-459c-8bdd-af1a450a0319"
  },
  "_techIdx": 0,
  "_defines": [
    {
      "USE_ALBEDO_MAP": true
    },
    {
      "USE_ALBEDO_MAP": true
    },
    {
      "USE_ALBEDO_MAP": true
    }
  ],
  "_states": [
    {
      "blendState": {
        "targets": [
          {}
        ]
      },
      "depthStencilState": {},
      "rasterizerState": {}
    },
    {
      "blendState": {
        "targets": [
          {}
        ]
      },
      "depthStencilState": {},
      "rasterizerState": {}
    },
    {
      "blendState": {
        "targets": [
          {}
        ]
      },
      "depthStencilState": {},
      "rasterizerState": {}
    }
  ],
  "_props": [
    {
      "alphaThreshold": 0,
      "roughness": 0.70710676908493,
      "metallic": 0.400000005960464,
      "mainTexture": {
        "__uuid__": "95e5b02a-e338-423c-bdbb-17486db1d9eb@6c48a"
      }
    },
    {},
    {}
  ]
}