[
  {
    "__type__": "cc.Prefab",
    "_name": "soldier",
    "_objFlags": 0,
    "_native": "",
    "data": {
      "__id__": 1
    },
    "optimizationPolicy": 0,
    "asyncLoadAssets": false,
    "persistent": false
  },
  {
    "__type__": "cc.Node",
    "_name": "soldier",
    "_objFlags": 0,
    "_parent": null,
    "_children": [
      {
        "__id__": 2
      }
    ],
    "_active": true,
    "_components": [
      {
        "__id__": 80
      }
    ],
    "_prefab": {
      "__id__": 82
    },
    "_lpos": {
      "__type__": "cc.Vec3",
      "x": 0,
      "y": 0.956,
      "z": 1.402
    },
    "_lrot": {
      "__type__": "cc.Quat",
      "x": 0,
      "y": 0,
      "z": 0,
      "w": 1
    },
    "_lscale": {
      "__type__": "cc.Vec3",
      "x": 1,
      "y": 1,
      "z": 1
    },
    "_layer": 1073741824,
    "_euler": {
      "__type__": "cc.Vec3",
      "x": 0,
      "y": 0,
      "z": 0
    },
    "_id": ""
  },
  {
    "__type__": "cc.Node",
    "_name": "RootNode",
    "_objFlags": 0,
    "_parent": {
      "__id__": 1
    },
    "_children": [
      {
        "__id__": 3
      },
      {
        "__id__": 8
      },
      {
        "__id__": 64
      },
      {
        "__id__": 69
      },
      {
        "__id__": 74
      }
    ],
    "_active": true,
    "_components": [],
    "_prefab": {
      "__id__": 79
    },
    "_lpos": {
      "__type__": "cc.Vec3",
      "x": 0,
      "y": 0,
      "z": 0
    },
    "_lrot": {
      "__type__": "cc.Quat",
      "x": 0,
      "y": 0,
      "z": 0,
      "w": 1
    },
    "_lscale": {
      "__type__": "cc.Vec3",
      "x": 1,
      "y": 1,
      "z": 1
    },
    "_layer": 1073741824,
    "_euler": {
      "__type__": "cc.Vec3",
      "x": 0,
      "y": 0,
      "z": 0
    },
    "_id": ""
  },
  {
    "__type__": "cc.Node",
    "_name": "soldier",
    "_objFlags": 0,
    "_parent": {
      "__id__": 2
    },
    "_children": [],
    "_active": true,
    "_components": [
      {
        "__id__": 4
      }
    ],
    "_prefab": {
      "__id__": 7
    },
    "_lpos": {
      "__type__": "cc.Vec3",
      "x": 0,
      "y": 0,
      "z": 0
    },
    "_lrot": {
      "__type__": "cc.Quat",
      "x": 0.9999999999999953,
      "y": 0,
      "z": 0,
      "w": -9.735359185469814e-8
    },
    "_lscale": {
      "__type__": "cc.Vec3",
      "x": 87.7489852905273,
      "y": 87.7489852905273,
      "z": 87.7489852905273
    },
    "_layer": 1073741824,
    "_euler": {
      "__type__": "cc.Vec3",
      "x": -179.99998884410013,
      "y": 0,
      "z": 0
    },
    "_id": ""
  },
  {
    "__type__": "cc.SkinnedMeshRenderer",
    "_name": "",
    "_objFlags": 0,
    "node": {
      "__id__": 3
    },
    "_enabled": true,
    "_materials": [
      {
        "__uuid__": "8a58ddec-f437-40b9-8ec0-1fc87de97fb5"
      }
    ],
    "_visFlags": 0,
    "lightmapSettings": {
      "__id__": 5
    },
    "_mesh": {
      "__uuid__": "e3553cad-2f15-4293-859a-8f43c780f289@18751"
    },
    "_shadowCastingMode": 1,
    "_shadowReceivingMode": 1,
    "_enableMorph": true,
    "_skeleton": {
      "__uuid__": "e3553cad-2f15-4293-859a-8f43c780f289@30732"
    },
    "_skinningRoot": {
      "__id__": 1
    },
    "_id": "",
    "__prefab": {
      "__id__": 6
    }
  },
  {
    "__type__": "cc.ModelBakeSettings",
    "texture": null,
    "uvParam": {
      "__type__": "cc.Vec4",
      "x": 0,
      "y": 0,
      "z": 0,
      "w": 0
    },
    "_bakeable": false,
    "_castShadow": false,
    "_receiveShadow": false,
    "_recieveShadow": false,
    "_lightmapSize": 64
  },
  {
    "__type__": "cc.CompPrefabInfo",
    "fileId": "78XZsd31xPjIsSP2888FcN"
  },
  {
    "__type__": "cc.PrefabInfo",
    "root": {
      "__id__": 1
    },
    "asset": {
      "__id__": 0
    },
    "fileId": "824q3ldSpHoYl9xi6zWeg4"
  },
  {
    "__type__": "cc.Node",
    "_name": "Bip001",
    "_objFlags": 0,
    "_parent": {
      "__id__": 2
    },
    "_children": [
      {
        "__id__": 9
      },
      {
        "__id__": 11
      }
    ],
    "_active": true,
    "_components": [],
    "_prefab": {
      "__id__": 63
    },
    "_lpos": {
      "__type__": "cc.Vec3",
      "x": 0,
      "y": 0.738336980342865,
      "z": -3.74271143591121e-12
    },
    "_lrot": {
      "__type__": "cc.Quat",
      "x": -0.5000003576277411,
      "y": -0.4999996423720031,
      "z": -0.4999996423720031,
      "w": 0.5000003576277411
    },
    "_lscale": {
      "__type__": "cc.Vec3",
      "x": 1,
      "y": 1,
      "z": 1
    },
    "_layer": 1073741824,
    "_euler": {
      "__type__": "cc.Vec3",
      "x": -90,
      "y": -89.99991803772988,
      "z": 0
    },
    "_id": ""
  },
  {
    "__type__": "cc.Node",
    "_name": "Bip001 Footsteps",
    "_objFlags": 0,
    "_parent": {
      "__id__": 8
    },
    "_children": [],
    "_active": true,
    "_components": [],
    "_prefab": {
      "__id__": 10
    },
    "_lpos": {
      "__type__": "cc.Vec3",
      "x": -5.16987871290063e-28,
      "y": 0,
      "z": -0.734457075595856
    },
    "_lrot": {
      "__type__": "cc.Quat",
      "x": -6.921034890422563e-34,
      "y": 6.921044533149828e-34,
      "z": 0.7071063043492202,
      "w": 0.7071072580235535
    },
    "_lscale": {
      "__type__": "cc.Vec3",
      "x": 1,
      "y": 1,
      "z": 1
    },
    "_layer": 1073741824,
    "_euler": {
      "__type__": "cc.Vec3",
      "x": 0,
      "y": -1.1216009582263186e-31,
      "z": 90
    },
    "_id": ""
  },
  {
    "__type__": "cc.PrefabInfo",
    "root": {
      "__id__": 1
    },
    "asset": {
      "__id__": 0
    },
    "fileId": "24sP2WouNOyq9Pp+iqRgiX"
  },
  {
    "__type__": "cc.Node",
    "_name": "Bip001 Pelvis",
    "_objFlags": 0,
    "_parent": {
      "__id__": 8
    },
    "_children": [
      {
        "__id__": 12
      }
    ],
    "_active": true,
    "_components": [],
    "_prefab": {
      "__id__": 62
    },
    "_lpos": {
      "__type__": "cc.Vec3",
      "x": 0,
      "y": 0,
      "z": 0
    },
    "_lrot": {
      "__type__": "cc.Quat",
      "x": -0.4999999925491744,
      "y": -0.4999999925491744,
      "z": -0.4999993070957696,
      "w": 0.5000007078049007
    },
    "_lscale": {
      "__type__": "cc.Vec3",
      "x": 1,
      "y": 1,
      "z": 1
    },
    "_layer": 1073741824,
    "_euler": {
      "__type__": "cc.Vec3",
      "x": -89.9999197452773,
      "y": -89.9999197452773,
      "z": -0.0000017074910412130916
    },
    "_id": ""
  },
  {
    "__type__": "cc.Node",
    "_name": "Bip001 Spine",
    "_objFlags": 0,
    "_parent": {
      "__id__": 11
    },
    "_children": [
      {
        "__id__": 13
      },
      {
        "__id__": 23
      },
      {
        "__id__": 33
      }
    ],
    "_active": true,
    "_components": [],
    "_prefab": {
      "__id__": 61
    },
    "_lpos": {
      "__type__": "cc.Vec3",
      "x": 0.0765029862523079,
      "y": -0.000119566058856435,
      "z": 1.06260117149759e-7
    },
    "_lrot": {
      "__type__": "cc.Quat",
      "x": -0.000002080475910607327,
      "y": -6.936759723456761e-7,
      "z": 0.0003981589901667568,
      "w": 0.9999999207323014
    },
    "_lscale": {
      "__type__": "cc.Vec3",
      "x": 1,
      "y": 1,
      "z": 1
    },
    "_layer": 1073741824,
    "_euler": {
      "__type__": "cc.Vec3",
      "x": -0.00023837338537102568,
      "y": -0.00007939450691674313,
      "z": 0.045625660794268635
    },
    "_id": ""
  },
  {
    "__type__": "cc.Node",
    "_name": "Bip001 L Thigh",
    "_objFlags": 0,
    "_parent": {
      "__id__": 12
    },
    "_children": [
      {
        "__id__": 14
      }
    ],
    "_active": true,
    "_components": [],
    "_prefab": {
      "__id__": 22
    },
    "_lpos": {
      "__type__": "cc.Vec3",
      "x": -0.0765029117465019,
      "y": 0.000180334449396469,
      "z": 0.0665242150425911
    },
    "_lrot": {
      "__type__": "cc.Quat",
      "x": -0.015412850192755845,
      "y": 0.9969698713847834,
      "z": 0.002043751751963479,
      "w": -0.07621904406852757
    },
    "_lscale": {
      "__type__": "cc.Vec3",
      "x": 1,
      "y": 1,
      "z": 1
    },
    "_layer": 1073741824,
    "_euler": {
      "__type__": "cc.Vec3",
      "x": -0.098918034361683,
      "y": -171.25793904676914,
      "z": -1.7789668366715101
    },
    "_id": ""
  },
  {
    "__type__": "cc.Node",
    "_name": "Bip001 L Calf",
    "_objFlags": 0,
    "_parent": {
      "__id__": 13
    },
    "_children": [
      {
        "__id__": 15
      }
    ],
    "_active": true,
    "_components": [],
    "_prefab": {
      "__id__": 21
    },
    "_lpos": {
      "__type__": "cc.Vec3",
      "x": 0.368020862340927,
      "y": -2.38418573772492e-9,
      "z": 1.90734859017994e-8
    },
    "_lrot": {
      "__type__": "cc.Quat",
      "x": -3.77253945323161e-21,
      "y": -4.658679694134547e-18,
      "z": -0.0008097870399876981,
      "w": 0.999999672122421
    },
    "_lscale": {
      "__type__": "cc.Vec3",
      "x": 1,
      "y": 1,
      "z": 1
    },
    "_layer": 1073741824,
    "_euler": {
      "__type__": "cc.Vec3",
      "x": -8.646032309262241e-19,
      "y": -5.338462443351186e-16,
      "z": -0.09279476953314847
    },
    "_id": ""
  },
  {
    "__type__": "cc.Node",
    "_name": "Bip001 L Foot",
    "_objFlags": 0,
    "_parent": {
      "__id__": 14
    },
    "_children": [
      {
        "__id__": 16
      }
    ],
    "_active": true,
    "_components": [],
    "_prefab": {
      "__id__": 20
    },
    "_lpos": {
      "__type__": "cc.Vec3",
      "x": 0.29802131652832,
      "y": -2.38418573772492e-9,
      "z": 0
    },
    "_lrot": {
      "__type__": "cc.Quat",
      "x": 0.0020737143220202685,
      "y": -0.07621822672483194,
      "z": 0.016616994877612996,
      "w": 0.9969505289155877
    },
    "_lscale": {
      "__type__": "cc.Vec3",
      "x": 1,
      "y": 1,
      "z": 1
    },
    "_layer": 1073741824,
    "_euler": {
      "__type__": "cc.Vec3",
      "x": 0.3822464844159605,
      "y": -8.749946017824339,
      "z": 1.8805865416881686
    },
    "_id": ""
  },
  {
    "__type__": "cc.Node",
    "_name": "Bip001 L Toe0",
    "_objFlags": 0,
    "_parent": {
      "__id__": 15
    },
    "_children": [
      {
        "__id__": 17
      }
    ],
    "_active": true,
    "_components": [],
    "_prefab": {
      "__id__": 19
    },
    "_lpos": {
      "__type__": "cc.Vec3",
      "x": 0.0765028968453407,
      "y": 0.0984558463096619,
      "z": 1.90734859017994e-8
    },
    "_lrot": {
      "__type__": "cc.Quat",
      "x": -1.5454308319985125e-8,
      "y": -1.5454308319985125e-8,
      "z": 0.7071067811865472,
      "w": 0.7071067811865472
    },
    "_lscale": {
      "__type__": "cc.Vec3",
      "x": 1,
      "y": 1,
      "z": 1
    },
    "_layer": 1073741824,
    "_euler": {
      "__type__": "cc.Vec3",
      "x": 0,
      "y": -0.0000025044778683729224,
      "z": 90
    },
    "_id": ""
  },
  {
    "__type__": "cc.Node",
    "_name": "Bip001 L Toe0Nub",
    "_objFlags": 0,
    "_parent": {
      "__id__": 16
    },
    "_children": [],
    "_active": true,
    "_components": [],
    "_prefab": {
      "__id__": 18
    },
    "_lpos": {
      "__type__": "cc.Vec3",
      "x": 0.00997863244265318,
      "y": -2.98023217215615e-10,
      "z": 3.55271359939116e-17
    },
    "_lrot": {
      "__type__": "cc.Quat",
      "x": 9.55341250274695e-16,
      "y": -2.4399608215727e-23,
      "z": 1,
      "w": 1.83758927467374e-15
    },
    "_lscale": {
      "__type__": "cc.Vec3",
      "x": -1,
      "y": -1,
      "z": -1
    },
    "_layer": 1073741824,
    "_euler": {
      "__type__": "cc.Vec3",
      "x": 180,
      "y": -179.9999999999999,
      "z": 2.1057221983462293e-13
    },
    "_id": ""
  },
  {
    "__type__": "cc.PrefabInfo",
    "root": {
      "__id__": 1
    },
    "asset": {
      "__id__": 0
    },
    "fileId": "b7ARhVJWFJP4yiboWbM1Xs"
  },
  {
    "__type__": "cc.PrefabInfo",
    "root": {
      "__id__": 1
    },
    "asset": {
      "__id__": 0
    },
    "fileId": "b7IX4wc+BII5SOxaDKm4bu"
  },
  {
    "__type__": "cc.PrefabInfo",
    "root": {
      "__id__": 1
    },
    "asset": {
      "__id__": 0
    },
    "fileId": "71/rP0sWxM1bfHuNwls2lv"
  },
  {
    "__type__": "cc.PrefabInfo",
    "root": {
      "__id__": 1
    },
    "asset": {
      "__id__": 0
    },
    "fileId": "71+6ovA8dDUowhlyNGBIbM"
  },
  {
    "__type__": "cc.PrefabInfo",
    "root": {
      "__id__": 1
    },
    "asset": {
      "__id__": 0
    },
    "fileId": "4aENadJ59Io4SS6BMn9Aw4"
  },
  {
    "__type__": "cc.Node",
    "_name": "Bip001 R Thigh",
    "_objFlags": 0,
    "_parent": {
      "__id__": 12
    },
    "_children": [
      {
        "__id__": 24
      }
    ],
    "_active": true,
    "_components": [],
    "_prefab": {
      "__id__": 32
    },
    "_lpos": {
      "__type__": "cc.Vec3",
      "x": -0.0765029117465019,
      "y": 0.000180703471414745,
      "z": -0.0665242150425911
    },
    "_lrot": {
      "__type__": "cc.Quat",
      "x": -0.0154126518850906,
      "y": 0.9969698755273314,
      "z": -0.0020409899233692465,
      "w": 0.07621910398987286
    },
    "_lscale": {
      "__type__": "cc.Vec3",
      "x": 1,
      "y": 1,
      "z": 1
    },
    "_layer": 1073741824,
    "_euler": {
      "__type__": "cc.Vec3",
      "x": 0.09860398393799301,
      "y": 171.25792731952373,
      "z": -1.7789200579558455
    },
    "_id": ""
  },
  {
    "__type__": "cc.Node",
    "_name": "Bip001 R Calf",
    "_objFlags": 0,
    "_parent": {
      "__id__": 23
    },
    "_children": [
      {
        "__id__": 25
      }
    ],
    "_active": true,
    "_components": [],
    "_prefab": {
      "__id__": 31
    },
    "_lpos": {
      "__type__": "cc.Vec3",
      "x": 0.36802089214325,
      "y": 0,
      "z": -3.55271359939116e-17
    },
    "_lrot": {
      "__type__": "cc.Quat",
      "x": 2.226103102352033e-19,
      "y": 7.125063520427799e-18,
      "z": -0.0008097898921612967,
      "w": 0.9999996721201113
    },
    "_lscale": {
      "__type__": "cc.Vec3",
      "x": 1,
      "y": 1,
      "z": 1
    },
    "_layer": 1073741824,
    "_euler": {
      "__type__": "cc.Vec3",
      "x": 2.6170459347986135e-17,
      "y": 8.164935972515574e-16,
      "z": -0.09279509636827488
    },
    "_id": ""
  },
  {
    "__type__": "cc.Node",
    "_name": "Bip001 R Foot",
    "_objFlags": 0,
    "_parent": {
      "__id__": 24
    },
    "_children": [
      {
        "__id__": 26
      }
    ],
    "_active": true,
    "_components": [],
    "_prefab": {
      "__id__": 30
    },
    "_lpos": {
      "__type__": "cc.Vec3",
      "x": 0.29802131652832,
      "y": 0,
      "z": -3.81469718035987e-8
    },
    "_lrot": {
      "__type__": "cc.Quat",
      "x": -0.002073778117879438,
      "y": 0.07621821928385913,
      "z": 0.016617013506159614,
      "w": 0.9969505290412618
    },
    "_lscale": {
      "__type__": "cc.Vec3",
      "x": 1,
      "y": 1,
      "z": 1
    },
    "_layer": 1073741824,
    "_euler": {
      "__type__": "cc.Vec3",
      "x": -0.38225392566993516,
      "y": 8.749945293799216,
      "z": 1.8805881155171484
    },
    "_id": ""
  },
  {
    "__type__": "cc.Node",
    "_name": "Bip001 R Toe0",
    "_objFlags": 0,
    "_parent": {
      "__id__": 25
    },
    "_children": [
      {
        "__id__": 27
      }
    ],
    "_active": true,
    "_components": [],
    "_prefab": {
      "__id__": 29
    },
    "_lpos": {
      "__type__": "cc.Vec3",
      "x": 0.0765028968453407,
      "y": 0.0984558537602425,
      "z": 1.90734859017994e-8
    },
    "_lrot": {
      "__type__": "cc.Quat",
      "x": -1.5454308319985125e-8,
      "y": -1.5454308319985125e-8,
      "z": 0.7071067811865472,
      "w": 0.7071067811865472
    },
    "_lscale": {
      "__type__": "cc.Vec3",
      "x": 1,
      "y": 1,
      "z": 1
    },
    "_layer": 1073741824,
    "_euler": {
      "__type__": "cc.Vec3",
      "x": 0,
      "y": -0.0000025044778683729224,
      "z": 90
    },
    "_id": ""
  },
  {
    "__type__": "cc.Node",
    "_name": "Bip001 R Toe0Nub",
    "_objFlags": 0,
    "_parent": {
      "__id__": 26
    },
    "_children": [],
    "_active": true,
    "_components": [],
    "_prefab": {
      "__id__": 28
    },
    "_lpos": {
      "__type__": "cc.Vec3",
      "x": 0.00997863244265318,
      "y": -2.98023217215615e-10,
      "z": 7.10542719878232e-17
    },
    "_lrot": {
      "__type__": "cc.Quat",
      "x": -2.35364776340013e-23,
      "y": 9.55341356153813e-16,
      "z": -1.77635726291672e-15,
      "w": 1
    },
    "_lscale": {
      "__type__": "cc.Vec3",
      "x": 1,
      "y": 1,
      "z": 1
    },
    "_layer": 1073741824,
    "_euler": {
      "__type__": "cc.Vec3",
      "x": -2.6970814715996306e-21,
      "y": 1.0947405540383584e-13,
      "z": -2.0355554814507762e-13
    },
    "_id": ""
  },
  {
    "__type__": "cc.PrefabInfo",
    "root": {
      "__id__": 1
    },
    "asset": {
      "__id__": 0
    },
    "fileId": "77BI3YwgNJqKMpf0rJhZ9s"
  },
  {
    "__type__": "cc.PrefabInfo",
    "root": {
      "__id__": 1
    },
    "asset": {
      "__id__": 0
    },
    "fileId": "26R5ll6SNGP5ArlFhrFOzH"
  },
  {
    "__type__": "cc.PrefabInfo",
    "root": {
      "__id__": 1
    },
    "asset": {
      "__id__": 0
    },
    "fileId": "cdWn1utjJOUaNdTLXxb/CR"
  },
  {
    "__type__": "cc.PrefabInfo",
    "root": {
      "__id__": 1
    },
    "asset": {
      "__id__": 0
    },
    "fileId": "8a4oYAyD9MkZi9aL5G15gW"
  },
  {
    "__type__": "cc.PrefabInfo",
    "root": {
      "__id__": 1
    },
    "asset": {
      "__id__": 0
    },
    "fileId": "baRkxlpMJMup2UzoK3llZt"
  },
  {
    "__type__": "cc.Node",
    "_name": "Bip001 Spine1",
    "_objFlags": 0,
    "_parent": {
      "__id__": 12
    },
    "_children": [
      {
        "__id__": 34
      }
    ],
    "_active": true,
    "_components": [],
    "_prefab": {
      "__id__": 60
    },
    "_lpos": {
      "__type__": "cc.Vec3",
      "x": 0.150201484560966,
      "y": -0.000119601711048745,
      "z": -3.31727090241429e-10
    },
    "_lrot": {
      "__type__": "cc.Quat",
      "x": -3.01176726787145e-14,
      "y": -1.39586728368323e-23,
      "z": -1.0842021724855e-19,
      "w": 1
    },
    "_lscale": {
      "__type__": "cc.Vec3",
      "x": 1,
      "y": 1,
      "z": 1
    },
    "_layer": 1073741824,
    "_euler": {
      "__type__": "cc.Vec3",
      "x": -3.451231066493619e-12,
      "y": -1.599546082682973e-21,
      "z": -1.2424041724466812e-17
    },
    "_id": ""
  },
  {
    "__type__": "cc.Node",
    "_name": "Bip001 Neck",
    "_objFlags": 0,
    "_parent": {
      "__id__": 33
    },
    "_children": [
      {
        "__id__": 35
      },
      {
        "__id__": 45
      },
      {
        "__id__": 55
      }
    ],
    "_active": true,
    "_components": [],
    "_prefab": {
      "__id__": 59
    },
    "_lpos": {
      "__type__": "cc.Vec3",
      "x": 0.15020164847374,
      "y": -0.0000435724105045665,
      "z": -1.20852522433879e-10
    },
    "_lrot": {
      "__type__": "cc.Quat",
      "x": -3.01176726787145e-14,
      "y": -9.0989867380833e-23,
      "z": -2.74040313253867e-36,
      "w": 1
    },
    "_lscale": {
      "__type__": "cc.Vec3",
      "x": 1,
      "y": 1,
      "z": 1
    },
    "_layer": 1073741824,
    "_euler": {
      "__type__": "cc.Vec3",
      "x": -3.451231066493619e-12,
      "y": -1.0426670758753618e-20,
      "z": -1.0276926252606202e-41
    },
    "_id": ""
  },
  {
    "__type__": "cc.Node",
    "_name": "Bip001 L Clavicle",
    "_objFlags": 0,
    "_parent": {
      "__id__": 34
    },
    "_children": [
      {
        "__id__": 36
      }
    ],
    "_active": true,
    "_components": [],
    "_prefab": {
      "__id__": 44
    },
    "_lpos": {
      "__type__": "cc.Vec3",
      "x": 0,
      "y": 0.0000435078145528678,
      "z": 0.0232834853231907
    },
    "_lrot": {
      "__type__": "cc.Quat",
      "x": 0.6087613827170933,
      "y": -0.0002434881366867595,
      "z": 0.7933532758994495,
      "w": 0.0003150325566206266
    },
    "_lscale": {
      "__type__": "cc.Vec3",
      "x": 1,
      "y": 1,
      "z": 1
    },
    "_layer": 1073741824,
    "_euler": {
      "__type__": "cc.Vec3",
      "x": 179.9558877717535,
      "y": -104.99999523006848,
      "z": 0.01165464185401893
    },
    "_id": ""
  },
  {
    "__type__": "cc.Node",
    "_name": "Bip001 L UpperArm",
    "_objFlags": 0,
    "_parent": {
      "__id__": 35
    },
    "_children": [
      {
        "__id__": 37
      }
    ],
    "_active": true,
    "_components": [],
    "_prefab": {
      "__id__": 43
    },
    "_lpos": {
      "__type__": "cc.Vec3",
      "x": 0.272405058145523,
      "y": 4.54747340722069e-15,
      "z": 0
    },
    "_lrot": {
      "__type__": "cc.Quat",
      "x": 0.004462069723208538,
      "y": 0.4381802273458216,
      "z": -0.0019434620153348766,
      "w": 0.8988739629404916
    },
    "_lscale": {
      "__type__": "cc.Vec3",
      "x": 1,
      "y": 1,
      "z": 1
    },
    "_layer": 1073741824,
    "_euler": {
      "__type__": "cc.Vec3",
      "x": 0.5572016837940187,
      "y": 51.97620557313351,
      "z": 0.02386521946895269
    },
    "_id": ""
  },
  {
    "__type__": "cc.Node",
    "_name": "Bip001 L Forearm",
    "_objFlags": 0,
    "_parent": {
      "__id__": 36
    },
    "_children": [
      {
        "__id__": 38
      }
    ],
    "_active": true,
    "_components": [],
    "_prefab": {
      "__id__": 42
    },
    "_lpos": {
      "__type__": "cc.Vec3",
      "x": 0.263291478157043,
      "y": 0,
      "z": 0
    },
    "_lrot": {
      "__type__": "cc.Quat",
      "x": -2.7197715504795845e-20,
      "y": -3.0893820368327117e-17,
      "z": -0.0008803606294924629,
      "w": 0.9999996124825059
    },
    "_lscale": {
      "__type__": "cc.Vec3",
      "x": 1,
      "y": 1,
      "z": 1
    },
    "_layer": 1073741824,
    "_euler": {
      "__type__": "cc.Vec3",
      "x": -6.233264281423144e-18,
      "y": -3.5401778996822195e-15,
      "z": -0.10088191006996569
    },
    "_id": ""
  },
  {
    "__type__": "cc.Node",
    "_name": "Bip001 L Hand",
    "_objFlags": 0,
    "_parent": {
      "__id__": 37
    },
    "_children": [
      {
        "__id__": 39
      }
    ],
    "_active": true,
    "_components": [],
    "_prefab": {
      "__id__": 41
    },
    "_lpos": {
      "__type__": "cc.Vec3",
      "x": 0.199572831392288,
      "y": -5.9604643443123e-10,
      "z": 1.42108543975646e-16
    },
    "_lrot": {
      "__type__": "cc.Quat",
      "x": -0.7068252124052271,
      "y": 1.0458620867947887e-8,
      "z": 1.0614867442646885e-8,
      "w": 0.7073882378922519
    },
    "_lscale": {
      "__type__": "cc.Vec3",
      "x": 1,
      "y": 1,
      "z": 1
    },
    "_layer": 1073741824,
    "_euler": {
      "__type__": "cc.Vec3",
      "x": -89.95437890588059,
      "y": 0.0000017075473071153707,
      "z": 1.3340228971442967e-8
    },
    "_id": ""
  },
  {
    "__type__": "cc.Node",
    "_name": "sword01",
    "_objFlags": 0,
    "_parent": {
      "__id__": 38
    },
    "_children": [],
    "_active": true,
    "_components": [],
    "_prefab": {
      "__id__": 40
    },
    "_lpos": {
      "__type__": "cc.Vec3",
      "x": 0.0919111594557762,
      "y": 0.0340489186346531,
      "z": -0.14926840364933
    },
    "_lrot": {
      "__type__": "cc.Quat",
      "x": 0.6409670678902519,
      "y": -0.3070256396863465,
      "z": -0.5278458569202463,
      "w": -0.4650540030872693
    },
    "_lscale": {
      "__type__": "cc.Vec3",
      "x": 1,
      "y": 1,
      "z": 1
    },
    "_layer": 1073741824,
    "_euler": {
      "__type__": "cc.Vec3",
      "x": -112.37885078724646,
      "y": 75.2002383569922,
      "z": 5.587571211625747
    },
    "_id": ""
  },
  {
    "__type__": "cc.PrefabInfo",
    "root": {
      "__id__": 1
    },
    "asset": {
      "__id__": 0
    },
    "fileId": "98Mxm4C+NAIp1/ms1CXDWg"
  },
  {
    "__type__": "cc.PrefabInfo",
    "root": {
      "__id__": 1
    },
    "asset": {
      "__id__": 0
    },
    "fileId": "7cWlWOkFtKX6ILXuZfhYqO"
  },
  {
    "__type__": "cc.PrefabInfo",
    "root": {
      "__id__": 1
    },
    "asset": {
      "__id__": 0
    },
    "fileId": "503RTkgyFOwZRj7QxbXFGT"
  },
  {
    "__type__": "cc.PrefabInfo",
    "root": {
      "__id__": 1
    },
    "asset": {
      "__id__": 0
    },
    "fileId": "66qUHYCHZNMoAvIMM8jTZn"
  },
  {
    "__type__": "cc.PrefabInfo",
    "root": {
      "__id__": 1
    },
    "asset": {
      "__id__": 0
    },
    "fileId": "c67UVUfoFCNLAcx8dX7SW1"
  },
  {
    "__type__": "cc.Node",
    "_name": "Bip001 R Clavicle",
    "_objFlags": 0,
    "_parent": {
      "__id__": 34
    },
    "_children": [
      {
        "__id__": 46
      }
    ],
    "_active": true,
    "_components": [],
    "_prefab": {
      "__id__": 54
    },
    "_lpos": {
      "__type__": "cc.Vec3",
      "x": 0,
      "y": 0.0000436370064562652,
      "z": -0.0232834853231907
    },
    "_lrot": {
      "__type__": "cc.Quat",
      "x": -0.6087613827171046,
      "y": 0.00024128768333211222,
      "z": 0.793353275899464,
      "w": 0.0003167210153793466
    },
    "_lscale": {
      "__type__": "cc.Vec3",
      "x": 1,
      "y": 1,
      "z": 1
    },
    "_layer": 1073741824,
    "_euler": {
      "__type__": "cc.Vec3",
      "x": -179.95597003338875,
      "y": 104.99999512047448,
      "z": 0.011961643569376679
    },
    "_id": ""
  },
  {
    "__type__": "cc.Node",
    "_name": "Bip001 R UpperArm",
    "_objFlags": 0,
    "_parent": {
      "__id__": 45
    },
    "_children": [
      {
        "__id__": 47
      }
    ],
    "_active": true,
    "_components": [],
    "_prefab": {
      "__id__": 53
    },
    "_lpos": {
      "__type__": "cc.Vec3",
      "x": 0.272405058145523,
      "y": 6.82120985672115e-14,
      "z": -1.42108543975646e-16
    },
    "_lrot": {
      "__type__": "cc.Quat",
      "x": -0.030114175418424236,
      "y": -0.43755956999841955,
      "z": 0.05059855375302801,
      "w": 0.897259463867486
    },
    "_lscale": {
      "__type__": "cc.Vec3",
      "x": 1,
      "y": 1,
      "z": 1
    },
    "_layer": 1073741824,
    "_euler": {
      "__type__": "cc.Vec3",
      "x": -0.5631334715243025,
      "y": -51.96038786477057,
      "z": 6.727854372934277
    },
    "_id": ""
  },
  {
    "__type__": "cc.Node",
    "_name": "Bip001 R Forearm",
    "_objFlags": 0,
    "_parent": {
      "__id__": 46
    },
    "_children": [
      {
        "__id__": 48
      }
    ],
    "_active": true,
    "_components": [],
    "_prefab": {
      "__id__": 52
    },
    "_lpos": {
      "__type__": "cc.Vec3",
      "x": 0.263291418552399,
      "y": 0,
      "z": -7.62939436071974e-8
    },
    "_lrot": {
      "__type__": "cc.Quat",
      "x": -8.302567498559346e-18,
      "y": -5.588016764292516e-17,
      "z": -0.13176086831298384,
      "w": 0.9912815309393233
    },
    "_lscale": {
      "__type__": "cc.Vec3",
      "x": 1,
      "y": 1,
      "z": 1
    },
    "_layer": 1073741824,
    "_euler": {
      "__type__": "cc.Vec3",
      "x": -1.8510999406615195e-15,
      "y": -6.705762043264369e-15,
      "z": -15.14271605062808
    },
    "_id": ""
  },
  {
    "__type__": "cc.Node",
    "_name": "Bip001 R Hand",
    "_objFlags": 0,
    "_parent": {
      "__id__": 47
    },
    "_children": [
      {
        "__id__": 49
      }
    ],
    "_active": true,
    "_components": [],
    "_prefab": {
      "__id__": 51
    },
    "_lpos": {
      "__type__": "cc.Vec3",
      "x": 0.199572905898094,
      "y": 8.88178399847791e-18,
      "z": 0
    },
    "_lrot": {
      "__type__": "cc.Quat",
      "x": 0.7068252124052272,
      "y": -1.9327187937127104e-17,
      "z": 1.9311804031753923e-17,
      "w": 0.707388237892252
    },
    "_lscale": {
      "__type__": "cc.Vec3",
      "x": 1,
      "y": 1,
      "z": 1
    },
    "_layer": 1073741824,
    "_euler": {
      "__type__": "cc.Vec3",
      "x": 89.95437890588059,
      "y": -3.1308585900006548e-15,
      "z": -7.956237644289779e-23
    },
    "_id": ""
  },
  {
    "__type__": "cc.Node",
    "_name": "shield01",
    "_objFlags": 0,
    "_parent": {
      "__id__": 48
    },
    "_children": [],
    "_active": true,
    "_components": [],
    "_prefab": {
      "__id__": 50
    },
    "_lpos": {
      "__type__": "cc.Vec3",
      "x": 0.124533005058765,
      "y": -0.00692871073260903,
      "z": 0.0576667860150337
    },
    "_lrot": {
      "__type__": "cc.Quat",
      "x": 0.5417342069004817,
      "y": -0.1379658103002438,
      "z": 0.11668003843623054,
      "w": 0.8208990515846776
    },
    "_lscale": {
      "__type__": "cc.Vec3",
      "x": 1,
      "y": 1,
      "z": 1
    },
    "_layer": 1073741824,
    "_euler": {
      "__type__": "cc.Vec3",
      "x": 67.2841187503732,
      "y": -20.685866498064005,
      "z": 2.411917394086867
    },
    "_id": ""
  },
  {
    "__type__": "cc.PrefabInfo",
    "root": {
      "__id__": 1
    },
    "asset": {
      "__id__": 0
    },
    "fileId": "4f4kzbhYBIMIVjz0nZTcvw"
  },
  {
    "__type__": "cc.PrefabInfo",
    "root": {
      "__id__": 1
    },
    "asset": {
      "__id__": 0
    },
    "fileId": "19JEI2tAtAo5mcAZ7XSRWH"
  },
  {
    "__type__": "cc.PrefabInfo",
    "root": {
      "__id__": 1
    },
    "asset": {
      "__id__": 0
    },
    "fileId": "5eAc4VAlRExZ6nABKN5Ihq"
  },
  {
    "__type__": "cc.PrefabInfo",
    "root": {
      "__id__": 1
    },
    "asset": {
      "__id__": 0
    },
    "fileId": "a72KzY4dJDrb/Ifgjl7CSF"
  },
  {
    "__type__": "cc.PrefabInfo",
    "root": {
      "__id__": 1
    },
    "asset": {
      "__id__": 0
    },
    "fileId": "9fRB6KFOpAz6pb5W8NAqZg"
  },
  {
    "__type__": "cc.Node",
    "_name": "Bip001 Head",
    "_objFlags": 0,
    "_parent": {
      "__id__": 34
    },
    "_children": [
      {
        "__id__": 56
      }
    ],
    "_active": true,
    "_components": [],
    "_prefab": {
      "__id__": 58
    },
    "_lpos": {
      "__type__": "cc.Vec3",
      "x": 0.0547203049063683,
      "y": -1.38777874976217e-19,
      "z": 2.71050537062924e-22
    },
    "_lrot": {
      "__type__": "cc.Quat",
      "x": -7.265599787883251e-14,
      "y": 1.1042733174299354e-9,
      "z": -0.0003988305609355657,
      "w": 0.9999999204670887
    },
    "_lscale": {
      "__type__": "cc.Vec3",
      "x": 1,
      "y": 1,
      "z": 1
    },
    "_layer": 1073741824,
    "_euler": {
      "__type__": "cc.Vec3",
      "x": 4.214242912539149e-11,
      "y": 1.2654042790710837e-7,
      "z": -0.04570261697650697
    },
    "_id": ""
  },
  {
    "__type__": "cc.Node",
    "_name": "Bip001 HeadNub",
    "_objFlags": 0,
    "_parent": {
      "__id__": 55
    },
    "_children": [],
    "_active": true,
    "_components": [],
    "_prefab": {
      "__id__": 57
    },
    "_lpos": {
      "__type__": "cc.Vec3",
      "x": 0.475234657526016,
      "y": -1.45519149031062e-13,
      "z": 2.99510855318999e-20
    },
    "_lrot": {
      "__type__": "cc.Quat",
      "x": -4.09752188234268e-20,
      "y": 3.5879314498657e-21,
      "z": 1.47015827086174e-40,
      "w": 1
    },
    "_lscale": {
      "__type__": "cc.Vec3",
      "x": 1,
      "y": 1,
      "z": 1
    },
    "_layer": 1073741824,
    "_euler": {
      "__type__": "cc.Vec3",
      "x": -4.6954142064147255e-18,
      "y": 4.1114665851911787e-19,
      "z": -5.14740158672216e-44
    },
    "_id": ""
  },
  {
    "__type__": "cc.PrefabInfo",
    "root": {
      "__id__": 1
    },
    "asset": {
      "__id__": 0
    },
    "fileId": "ebvw49UjBMKoIvQOBhsyUF"
  },
  {
    "__type__": "cc.PrefabInfo",
    "root": {
      "__id__": 1
    },
    "asset": {
      "__id__": 0
    },
    "fileId": "4ckJuubwNG3KpsMgkuxo12"
  },
  {
    "__type__": "cc.PrefabInfo",
    "root": {
      "__id__": 1
    },
    "asset": {
      "__id__": 0
    },
    "fileId": "de+U9IqPVD+qUUY0y7H/86"
  },
  {
    "__type__": "cc.PrefabInfo",
    "root": {
      "__id__": 1
    },
    "asset": {
      "__id__": 0
    },
    "fileId": "78+5xpqyNL2aHMIBr4YHvg"
  },
  {
    "__type__": "cc.PrefabInfo",
    "root": {
      "__id__": 1
    },
    "asset": {
      "__id__": 0
    },
    "fileId": "deedfocu1E0amfQjzHnnD8"
  },
  {
    "__type__": "cc.PrefabInfo",
    "root": {
      "__id__": 1
    },
    "asset": {
      "__id__": 0
    },
    "fileId": "9brOPlFAxPnLhkrpP6KbLQ"
  },
  {
    "__type__": "cc.PrefabInfo",
    "root": {
      "__id__": 1
    },
    "asset": {
      "__id__": 0
    },
    "fileId": "15XJ/3651AFKLyr6XRj3d7"
  },
  {
    "__type__": "cc.Node",
    "_name": "shield",
    "_objFlags": 0,
    "_parent": {
      "__id__": 2
    },
    "_children": [],
    "_active": true,
    "_components": [
      {
        "__id__": 65
      }
    ],
    "_prefab": {
      "__id__": 68
    },
    "_lpos": {
      "__type__": "cc.Vec3",
      "x": 0,
      "y": 0,
      "z": 0
    },
    "_lrot": {
      "__type__": "cc.Quat",
      "x": 0.9999999999999878,
      "y": 0,
      "z": 0,
      "w": -1.569582366300871e-7
    },
    "_lscale": {
      "__type__": "cc.Vec3",
      "x": 87.7489852905273,
      "y": 87.7489852905273,
      "z": 87.7489852905273
    },
    "_layer": 1073741824,
    "_euler": {
      "__type__": "cc.Vec3",
      "x": -179.99998201391097,
      "y": 0,
      "z": 0
    },
    "_id": ""
  },
  {
    "__type__": "cc.SkinnedMeshRenderer",
    "_name": "",
    "_objFlags": 0,
    "node": {
      "__id__": 64
    },
    "_enabled": true,
    "_materials": [
      {
        "__uuid__": "8a58ddec-f437-40b9-8ec0-1fc87de97fb5"
      }
    ],
    "_visFlags": 0,
    "lightmapSettings": {
      "__id__": 66
    },
    "_mesh": {
      "__uuid__": "e3553cad-2f15-4293-859a-8f43c780f289@da6f3"
    },
    "_shadowCastingMode": 0,
    "_shadowReceivingMode": 1,
    "_enableMorph": true,
    "_skeleton": {
      "__uuid__": "e3553cad-2f15-4293-859a-8f43c780f289@f1394"
    },
    "_skinningRoot": {
      "__id__": 1
    },
    "_id": "",
    "__prefab": {
      "__id__": 67
    }
  },
  {
    "__type__": "cc.ModelBakeSettings",
    "texture": null,
    "uvParam": {
      "__type__": "cc.Vec4",
      "x": 0,
      "y": 0,
      "z": 0,
      "w": 0
    },
    "_bakeable": false,
    "_castShadow": false,
    "_receiveShadow": false,
    "_recieveShadow": false,
    "_lightmapSize": 64
  },
  {
    "__type__": "cc.CompPrefabInfo",
    "fileId": "ffoVYmt2NOmIBz5DHpacF8"
  },
  {
    "__type__": "cc.PrefabInfo",
    "root": {
      "__id__": 1
    },
    "asset": {
      "__id__": 0
    },
    "fileId": "2fgzyRcBxNmZKzBdJpnT0Q"
  },
  {
    "__type__": "cc.Node",
    "_name": "sword",
    "_objFlags": 0,
    "_parent": {
      "__id__": 2
    },
    "_children": [],
    "_active": true,
    "_components": [
      {
        "__id__": 70
      }
    ],
    "_prefab": {
      "__id__": 73
    },
    "_lpos": {
      "__type__": "cc.Vec3",
      "x": 0,
      "y": 0,
      "z": 0
    },
    "_lrot": {
      "__type__": "cc.Quat",
      "x": 0.9999999999999878,
      "y": 0,
      "z": 0,
      "w": -1.569582366300871e-7
    },
    "_lscale": {
      "__type__": "cc.Vec3",
      "x": 87.7489852905273,
      "y": 87.7489852905273,
      "z": 87.7489852905273
    },
    "_layer": 1073741824,
    "_euler": {
      "__type__": "cc.Vec3",
      "x": -179.99998201391097,
      "y": 0,
      "z": 0
    },
    "_id": ""
  },
  {
    "__type__": "cc.SkinnedMeshRenderer",
    "_name": "",
    "_objFlags": 0,
    "node": {
      "__id__": 69
    },
    "_enabled": true,
    "_materials": [
      {
        "__uuid__": "8a58ddec-f437-40b9-8ec0-1fc87de97fb5"
      }
    ],
    "_visFlags": 0,
    "lightmapSettings": {
      "__id__": 71
    },
    "_mesh": {
      "__uuid__": "e3553cad-2f15-4293-859a-8f43c780f289@4b929"
    },
    "_shadowCastingMode": 0,
    "_shadowReceivingMode": 1,
    "_enableMorph": true,
    "_skeleton": {
      "__uuid__": "e3553cad-2f15-4293-859a-8f43c780f289@75ee4"
    },
    "_skinningRoot": {
      "__id__": 1
    },
    "_id": "",
    "__prefab": {
      "__id__": 72
    }
  },
  {
    "__type__": "cc.ModelBakeSettings",
    "texture": null,
    "uvParam": {
      "__type__": "cc.Vec4",
      "x": 0,
      "y": 0,
      "z": 0,
      "w": 0
    },
    "_bakeable": false,
    "_castShadow": false,
    "_receiveShadow": false,
    "_recieveShadow": false,
    "_lightmapSize": 64
  },
  {
    "__type__": "cc.CompPrefabInfo",
    "fileId": "9aCVBuMeZPv6so1VxT6c40"
  },
  {
    "__type__": "cc.PrefabInfo",
    "root": {
      "__id__": 1
    },
    "asset": {
      "__id__": 0
    },
    "fileId": "d0xEUY/HZBVZJ0EMEz3doQ"
  },
  {
    "__type__": "cc.Node",
    "_name": "shield01",
    "_objFlags": 0,
    "_parent": {
      "__id__": 2
    },
    "_children": [],
    "_active": true,
    "_components": [
      {
        "__id__": 75
      }
    ],
    "_prefab": {
      "__id__": 78
    },
    "_lpos": {
      "__type__": "cc.Vec3",
      "x": -0.00499999988824129,
      "y": 0,
      "z": 0.00499999988824129
    },
    "_lrot": {
      "__type__": "cc.Quat",
      "x": 0.9999999999999878,
      "y": 0,
      "z": 0,
      "w": -1.569582366300871e-7
    },
    "_lscale": {
      "__type__": "cc.Vec3",
      "x": 87.7489852905273,
      "y": 87.7489852905273,
      "z": 87.7489852905273
    },
    "_layer": 1073741824,
    "_euler": {
      "__type__": "cc.Vec3",
      "x": -179.99998201391097,
      "y": 0,
      "z": 0
    },
    "_id": ""
  },
  {
    "__type__": "cc.SkinnedMeshRenderer",
    "_name": "",
    "_objFlags": 0,
    "node": {
      "__id__": 74
    },
    "_enabled": true,
    "_materials": [
      {
        "__uuid__": "8e047178-f61c-4322-a2f6-d1adb28b6ae2"
      }
    ],
    "_visFlags": 0,
    "lightmapSettings": {
      "__id__": 76
    },
    "_mesh": {
      "__uuid__": "e3553cad-2f15-4293-859a-8f43c780f289@39f7b"
    },
    "_shadowCastingMode": 0,
    "_shadowReceivingMode": 1,
    "_enableMorph": true,
    "_skeleton": {
      "__uuid__": "e3553cad-2f15-4293-859a-8f43c780f289@a72ab"
    },
    "_skinningRoot": {
      "__id__": 1
    },
    "_id": "",
    "__prefab": {
      "__id__": 77
    }
  },
  {
    "__type__": "cc.ModelBakeSettings",
    "texture": null,
    "uvParam": {
      "__type__": "cc.Vec4",
      "x": 0,
      "y": 0,
      "z": 0,
      "w": 0
    },
    "_bakeable": false,
    "_castShadow": false,
    "_receiveShadow": false,
    "_recieveShadow": false,
    "_lightmapSize": 64
  },
  {
    "__type__": "cc.CompPrefabInfo",
    "fileId": "ca1srfPsJJgKKJww9GO/JE"
  },
  {
    "__type__": "cc.PrefabInfo",
    "root": {
      "__id__": 1
    },
    "asset": {
      "__id__": 0
    },
    "fileId": "464KPea2NOibwROP5moUvA"
  },
  {
    "__type__": "cc.PrefabInfo",
    "root": {
      "__id__": 1
    },
    "asset": {
      "__id__": 0
    },
    "fileId": "a5uiqiY3JH2IVaNOBBe7fQ"
  },
  {
    "__type__": "cc.SkeletalAnimation",
    "_name": "",
    "_objFlags": 0,
    "node": {
      "__id__": 1
    },
    "_enabled": true,
    "playOnLoad": true,
    "_clips": [
      {
        "__uuid__": "e3553cad-2f15-4293-859a-8f43c780f289@73b7f"
      }
    ],
    "_defaultClip": {
      "__uuid__": "e3553cad-2f15-4293-859a-8f43c780f289@73b7f"
    },
    "_useBakedAnimation": true,
    "_sockets": [],
    "_id": "",
    "__prefab": {
      "__id__": 81
    }
  },
  {
    "__type__": "cc.CompPrefabInfo",
    "fileId": "04W3Kzvb9BZbZUGFZzfzi5"
  },
  {
    "__type__": "cc.PrefabInfo",
    "root": {
      "__id__": 1
    },
    "asset": {
      "__id__": 0
    },
    "fileId": "6dMvPN2t1B66O9Zc3HG8dr"
  }
]