[
  {
    "__type__": "cc.Prefab",
    "_name": "",
    "_objFlags": 0,
    "_native": "",
    "data": {
      "__id__": 1
    },
    "optimizationPolicy": 0,
    "persistent": false
  },
  {
    "__type__": "cc.Node",
    "_name": "grass",
    "_objFlags": 0,
    "_parent": null,
    "_children": [
      {
        "__id__": 2
      }
    ],
    "_active": true,
    "_components": [
      {
        "__id__": 21
      }
    ],
    "_prefab": {
      "__id__": 23
    },
    "_lpos": {
      "__type__": "cc.Vec3",
      "x": 0,
      "y": 0,
      "z": 0
    },
    "_lrot": {
      "__type__": "cc.Quat",
      "x": 0,
      "y": 0,
      "z": 0,
      "w": 1
    },
    "_lscale": {
      "__type__": "cc.Vec3",
      "x": 1,
      "y": 1,
      "z": 1
    },
    "_mobility": 0,
    "_layer": 1073741824,
    "_euler": {
      "__type__": "cc.Vec3",
      "x": 0,
      "y": 0,
      "z": 0
    },
    "_id": ""
  },
  {
    "__type__": "cc.Node",
    "_name": "RootNode",
    "_objFlags": 0,
    "_parent": {
      "__id__": 1
    },
    "_children": [
      {
        "__id__": 3
      },
      {
        "__id__": 8
      },
      {
        "__id__": 14
      }
    ],
    "_active": true,
    "_components": [],
    "_prefab": {
      "__id__": 20
    },
    "_lpos": {
      "__type__": "cc.Vec3",
      "x": 0,
      "y": 0,
      "z": 0
    },
    "_lrot": {
      "__type__": "cc.Quat",
      "x": 0,
      "y": 0,
      "z": 0,
      "w": 1
    },
    "_lscale": {
      "__type__": "cc.Vec3",
      "x": 1,
      "y": 1,
      "z": 1
    },
    "_mobility": 0,
    "_layer": 1073741824,
    "_euler": {
      "__type__": "cc.Vec3",
      "x": 0,
      "y": 0,
      "z": 0
    },
    "_id": ""
  },
  {
    "__type__": "cc.Node",
    "_name": "grass",
    "_objFlags": 0,
    "_parent": {
      "__id__": 2
    },
    "_children": [],
    "_active": true,
    "_components": [
      {
        "__id__": 4
      }
    ],
    "_prefab": {
      "__id__": 7
    },
    "_lpos": {
      "__type__": "cc.Vec3",
      "x": 0,
      "y": 0,
      "z": 0
    },
    "_lrot": {
      "__type__": "cc.Quat",
      "x": 0.37992816729770207,
      "y": 0.5963678291908521,
      "z": 0.5963678291908521,
      "w": -0.37992816729770207
    },
    "_lscale": {
      "__type__": "cc.Vec3",
      "x": 0.614784121513367,
      "y": 0.614784121513367,
      "z": 0.614784121513367
    },
    "_mobility": 0,
    "_layer": 1073741824,
    "_euler": {
      "__type__": "cc.Vec3",
      "x": -90,
      "y": -115.0000056286655,
      "z": 0
    },
    "_id": ""
  },
  {
    "__type__": "cc.SkinnedMeshRenderer",
    "_name": "",
    "_objFlags": 0,
    "node": {
      "__id__": 3
    },
    "_enabled": true,
    "__prefab": {
      "__id__": 5
    },
    "_materials": [
      {
        "__uuid__": "b698e55a-b00b-4987-a8b4-af83cddc59f7",
        "__expectedType__": "cc.Material"
      }
    ],
    "_visFlags": 0,
    "bakeSettings": {
      "__id__": 6
    },
    "_mesh": {
      "__uuid__": "aade09ee-8f9d-413c-a9e8-8c686ea5e160@ef5e1",
      "__expectedType__": "cc.Mesh"
    },
    "_shadowCastingMode": 0,
    "_shadowReceivingMode": 1,
    "_shadowBias": 0,
    "_shadowNormalBias": 0,
    "_reflectionProbeId": -1,
    "_enableMorph": true,
    "_skeleton": {
      "__uuid__": "aade09ee-8f9d-413c-a9e8-8c686ea5e160@438fe",
      "__expectedType__": "cc.Skeleton"
    },
    "_skinningRoot": {
      "__id__": 1
    },
    "_id": ""
  },
  {
    "__type__": "cc.CompPrefabInfo",
    "fileId": "8bJYC0oFRQfJMV1pl96Z4B"
  },
  {
    "__type__": "cc.ModelBakeSettings",
    "texture": null,
    "uvParam": {
      "__type__": "cc.Vec4",
      "x": 0,
      "y": 0,
      "z": 0,
      "w": 0
    },
    "_bakeable": false,
    "_castShadow": false,
    "_receiveShadow": false,
    "_recieveShadow": false,
    "_lightmapSize": 64,
    "_useLightProbe": false,
    "_bakeToLightProbe": true,
    "_reflectionProbeType": 0,
    "_bakeToReflectionProbe": true,
    "_probeCubemap": null
  },
  {
    "__type__": "cc.PrefabInfo",
    "root": {
      "__id__": 1
    },
    "asset": {
      "__id__": 0
    },
    "fileId": "85K9DJmMpbApGj/vSzVHyH",
    "instance": null,
    "targetOverrides": null,
    "nestedPrefabInstanceRoots": null
  },
  {
    "__type__": "cc.Node",
    "_name": "Bone001",
    "_objFlags": 0,
    "_parent": {
      "__id__": 2
    },
    "_children": [
      {
        "__id__": 9
      }
    ],
    "_active": true,
    "_components": [],
    "_prefab": {
      "__id__": 13
    },
    "_lpos": {
      "__type__": "cc.Vec3",
      "x": -0.0461842827498913,
      "y": 0.0000118009265861474,
      "z": -0.0284814611077309
    },
    "_lrot": {
      "__type__": "cc.Quat",
      "x": -0.0000017283479103639154,
      "y": -0.000001696768662714476,
      "z": 0.7049074170330618,
      "w": 0.7092993256770451
    },
    "_lscale": {
      "__type__": "cc.Vec3",
      "x": 2.53999996185303,
      "y": 2.53999996185303,
      "z": 2.53999996185303
    },
    "_mobility": 0,
    "_layer": 1073741824,
    "_euler": {
      "__type__": "cc.Vec3",
      "x": -0.0005507418826256091,
      "y": 0.00027320859410338513,
      "z": 89.64412979694991
    },
    "_id": ""
  },
  {
    "__type__": "cc.Node",
    "_name": "Bone002",
    "_objFlags": 0,
    "_parent": {
      "__id__": 8
    },
    "_children": [
      {
        "__id__": 10
      }
    ],
    "_active": true,
    "_components": [],
    "_prefab": {
      "__id__": 12
    },
    "_lpos": {
      "__type__": "cc.Vec3",
      "x": 0.0404664427042007,
      "y": -3.57627860658738e-9,
      "z": 0
    },
    "_lrot": {
      "__type__": "cc.Quat",
      "x": 0.000002421418716486127,
      "y": 1.5182564735607207e-8,
      "z": 0.006269989150778519,
      "w": 0.9999803434219023
    },
    "_lscale": {
      "__type__": "cc.Vec3",
      "x": 1,
      "y": 1,
      "z": 1
    },
    "_mobility": 0,
    "_layer": 1073741824,
    "_euler": {
      "__type__": "cc.Vec3",
      "x": 0.000277479600078167,
      "y": -3.18993241527229e-13,
      "z": 0.7184925395739944
    },
    "_id": ""
  },
  {
    "__type__": "cc.Node",
    "_name": "Bone003",
    "_objFlags": 0,
    "_parent": {
      "__id__": 9
    },
    "_children": [],
    "_active": true,
    "_components": [],
    "_prefab": {
      "__id__": 11
    },
    "_lpos": {
      "__type__": "cc.Vec3",
      "x": 0.0397140197455883,
      "y": -1.19209286886246e-9,
      "z": 7.15255721317476e-9
    },
    "_lrot": {
      "__type__": "cc.Quat",
      "x": 1.4018830392883508e-10,
      "y": -1.4662893682703937e-13,
      "z": -0.0010459420626472054,
      "w": 0.9999994530024512
    },
    "_lscale": {
      "__type__": "cc.Vec3",
      "x": 1,
      "y": 1,
      "z": 1
    },
    "_mobility": 0,
    "_layer": 1073741824,
    "_euler": {
      "__type__": "cc.Vec3",
      "x": 1.606440509162768e-8,
      "y": -1.4726229276075984e-18,
      "z": -0.11985615346346049
    },
    "_id": ""
  },
  {
    "__type__": "cc.PrefabInfo",
    "root": {
      "__id__": 1
    },
    "asset": {
      "__id__": 0
    },
    "fileId": "5cbZ6q4ZlTRYCzaX+TK2gK",
    "instance": null,
    "targetOverrides": null,
    "nestedPrefabInstanceRoots": null
  },
  {
    "__type__": "cc.PrefabInfo",
    "root": {
      "__id__": 1
    },
    "asset": {
      "__id__": 0
    },
    "fileId": "c1AAp0LMhYdJDUVMXIZ1W4",
    "instance": null,
    "targetOverrides": null,
    "nestedPrefabInstanceRoots": null
  },
  {
    "__type__": "cc.PrefabInfo",
    "root": {
      "__id__": 1
    },
    "asset": {
      "__id__": 0
    },
    "fileId": "aeD5S79xtRzbjDnVFBH/N7",
    "instance": null,
    "targetOverrides": null,
    "nestedPrefabInstanceRoots": null
  },
  {
    "__type__": "cc.Node",
    "_name": "Bone004",
    "_objFlags": 0,
    "_parent": {
      "__id__": 2
    },
    "_children": [
      {
        "__id__": 15
      }
    ],
    "_active": true,
    "_components": [],
    "_prefab": {
      "__id__": 19
    },
    "_lpos": {
      "__type__": "cc.Vec3",
      "x": 0.0710692703723907,
      "y": 0.0000118009265861474,
      "z": 0.0136896027252078
    },
    "_lrot": {
      "__type__": "cc.Quat",
      "x": -0.0000017283479103639154,
      "y": -0.000001696768662714476,
      "z": 0.7049074170330618,
      "w": 0.7092993256770451
    },
    "_lscale": {
      "__type__": "cc.Vec3",
      "x": 2.53999996185303,
      "y": 2.53999996185303,
      "z": 2.53999996185303
    },
    "_mobility": 0,
    "_layer": 1073741824,
    "_euler": {
      "__type__": "cc.Vec3",
      "x": -0.0005507418826256091,
      "y": 0.00027320859410338513,
      "z": 89.64412979694991
    },
    "_id": ""
  },
  {
    "__type__": "cc.Node",
    "_name": "Bone005",
    "_objFlags": 0,
    "_parent": {
      "__id__": 14
    },
    "_children": [
      {
        "__id__": 16
      }
    ],
    "_active": true,
    "_components": [],
    "_prefab": {
      "__id__": 18
    },
    "_lpos": {
      "__type__": "cc.Vec3",
      "x": 0.0404664427042007,
      "y": -4.76837147544984e-9,
      "z": 5.9604643443123e-10
    },
    "_lrot": {
      "__type__": "cc.Quat",
      "x": 0.000002421418716486127,
      "y": 1.5182564735607207e-8,
      "z": 0.006269989150778519,
      "w": 0.9999803434219023
    },
    "_lscale": {
      "__type__": "cc.Vec3",
      "x": 1,
      "y": 1,
      "z": 1
    },
    "_mobility": 0,
    "_layer": 1073741824,
    "_euler": {
      "__type__": "cc.Vec3",
      "x": 0.000277479600078167,
      "y": -3.18993241527229e-13,
      "z": 0.7184925395739944
    },
    "_id": ""
  },
  {
    "__type__": "cc.Node",
    "_name": "Bone006",
    "_objFlags": 0,
    "_parent": {
      "__id__": 15
    },
    "_children": [],
    "_active": true,
    "_components": [],
    "_prefab": {
      "__id__": 17
    },
    "_lpos": {
      "__type__": "cc.Vec3",
      "x": 0.039714016020298,
      "y": 0,
      "z": 7.74860353658369e-9
    },
    "_lrot": {
      "__type__": "cc.Quat",
      "x": 1.4018830392883508e-10,
      "y": -1.4662893682703937e-13,
      "z": -0.0010459420626472054,
      "w": 0.9999994530024512
    },
    "_lscale": {
      "__type__": "cc.Vec3",
      "x": 1,
      "y": 1,
      "z": 1
    },
    "_mobility": 0,
    "_layer": 1073741824,
    "_euler": {
      "__type__": "cc.Vec3",
      "x": 1.606440509162768e-8,
      "y": -1.4726229276075984e-18,
      "z": -0.11985615346346049
    },
    "_id": ""
  },
  {
    "__type__": "cc.PrefabInfo",
    "root": {
      "__id__": 1
    },
    "asset": {
      "__id__": 0
    },
    "fileId": "ff0Gk6zeheN5WLKeUDzzt2",
    "instance": null,
    "targetOverrides": null,
    "nestedPrefabInstanceRoots": null
  },
  {
    "__type__": "cc.PrefabInfo",
    "root": {
      "__id__": 1
    },
    "asset": {
      "__id__": 0
    },
    "fileId": "22GWkovpJYi67DgLjOr0IP",
    "instance": null,
    "targetOverrides": null,
    "nestedPrefabInstanceRoots": null
  },
  {
    "__type__": "cc.PrefabInfo",
    "root": {
      "__id__": 1
    },
    "asset": {
      "__id__": 0
    },
    "fileId": "bcX+EDKwlcVoRo5oDJmZzi",
    "instance": null,
    "targetOverrides": null,
    "nestedPrefabInstanceRoots": null
  },
  {
    "__type__": "cc.PrefabInfo",
    "root": {
      "__id__": 1
    },
    "asset": {
      "__id__": 0
    },
    "fileId": "b8S7FZZCJawIrCo8wtFxHH",
    "instance": null,
    "targetOverrides": null,
    "nestedPrefabInstanceRoots": null
  },
  {
    "__type__": "cc.SkeletalAnimation",
    "_name": "",
    "_objFlags": 0,
    "node": {
      "__id__": 1
    },
    "_enabled": true,
    "__prefab": {
      "__id__": 22
    },
    "playOnLoad": false,
    "_clips": [
      {
        "__uuid__": "aade09ee-8f9d-413c-a9e8-8c686ea5e160@73b7f",
        "__expectedType__": "cc.AnimationClip"
      }
    ],
    "_defaultClip": {
      "__uuid__": "aade09ee-8f9d-413c-a9e8-8c686ea5e160@73b7f",
      "__expectedType__": "cc.AnimationClip"
    },
    "_useBakedAnimation": true,
    "_sockets": [],
    "_id": ""
  },
  {
    "__type__": "cc.CompPrefabInfo",
    "fileId": "39/e6Yn3FQ7oIyn1g9N+N7"
  },
  {
    "__type__": "cc.PrefabInfo",
    "root": {
      "__id__": 1
    },
    "asset": {
      "__id__": 0
    },
    "fileId": "8cfqruozpbl42VHWNYSqGv",
    "instance": null,
    "targetOverrides": null,
    "nestedPrefabInstanceRoots": null
  }
]