{
  "__type__": "cc.Mesh",
  "_name": "",
  "_objFlags": 0,
  "_native": ".bin",
  "_struct": {
    "primitives": [
      {
        "primitiveMode": 7,
        "jointMapIndex": 0,
        "vertexBundelIndices": [
          0
        ],
        "indexView": {
          "offset": 8080,
          "length": 462,
          "count": 231,
          "stride": 2
        }
      }
    ],
    "vertexBundles": [
      {
        "view": {
          "offset": 0,
          "length": 8080,
          "count": 101,
          "stride": 80
        },
        "attributes": [
          {
            "name": "a_position",
            "format": 32,
            "isNormalized": false
          },
          {
            "name": "a_normal",
            "format": 32,
            "isNormalized": false
          },
          {
            "name": "a_texCoord",
            "format": 21,
            "isNormalized": false
          },
          {
            "name": "a_tangent",
            "format": 44,
            "isNormalized": false
          },
          {
            "name": "a_joints",
            "format": 42,
            "isNormalized": false
          },
          {
            "name": "a_weights",
            "format": 44,
            "isNormalized": false
          },
          {
            "name": "a_texCoord1",
            "format": 21,
            "isNormalized": false
          }
        ]
      }
    ],
    "minPosition": {
      "__type__": "cc.Vec3",
      "x": -0.23816974461078644,
      "y": -0.3651643395423889,
      "z": -0.02080436609685421
    },
    "maxPosition": {
      "__type__": "cc.Vec3",
      "x": 0.2359408587217331,
      "y": 0.26479941606521606,
      "z": 0.6728445887565613
    },
    "jointMaps": [
      [
        0,
        1,
        2,
        3,
        4,
        5
      ]
    ]
  },
  "_hash": 891374575,
  "_allowDataAccess": true
}