[
    1,
    [
        "0asxQqaWhAc5WvAmvDsjYj@2df3a",
        "1brw/JvvpFnIvdrxpFCgMZ"
    ],
    [
        "mainTexture",
        "_effectAsset"
    ],
    [
        [
            "cc.Material",
            [
                "_name",
                "_states",
                "_defines",
                "_props"
            ],
            0,
            12
        ]
    ],
    [
        [
            0,
            0,
            1,
            2,
            3,
            4
        ]
    ],
    [
        [
            0,
            "seafloor",
            [
                {
                    "rasterizerState": {},
                    "blendState": {
                        "targets": [
                            {}
                        ]
                    },
                    "depthStencilState": {}
                }
            ],
            [
                {
                    "USE_ALBEDO_MAP": true
                }
            ],
            [
                [
                    [
                        {
                            "metallic": 0.400000005960464,
                            "roughness": 0.70710676908493,
                            "alphaThreshold": 0
                        },
                        "albedoScale",
                        8,
                        [
                            1,
                            1,
                            1,
                            1
                        ],
                        "mainTexture",
                        6,
                        0
                    ]
                ],
                11
            ]
        ]
    ],
    0,
    0,
    [
        0,
        0
    ],
    [
        0,
        1
    ],
    [
        0,
        1
    ]
]
