[
  {
    "__type__": "cc.SceneAsset",
    "_name": "main",
    "_objFlags": 0,
    "_native": "",
    "scene": {
      "__id__": 1
    },
    "asyncLoadAssets": false
  },
  {
    "__type__": "cc.Scene",
    "_name": "",
    "_objFlags": 0,
    "_parent": null,
    "_children": [
      {
        "__id__": 2
      },
      {
        "__id__": 5
      },
      {
        "__id__": 7
      },
      {
        "__id__": 44
      },
      {
        "__id__": 59
      }
    ],
    "_active": true,
    "_components": [],
    "_prefab": {
      "__id__": 124
    },
    "autoReleaseAssets": false,
    "_globals": {
      "__id__": 173
    },
    "_id": "7c3e7fab-7b1e-4865-ba84-3cf81b48b9fb"
  },
  {
    "__type__": "cc.Node",
    "_name": "Main Light",
    "_objFlags": 0,
    "_parent": {
      "__id__": 1
    },
    "_children": [],
    "_active": true,
    "_components": [
      {
        "__id__": 3
      }
    ],
    "_prefab": null,
    "_lpos": {
      "__type__": "cc.Vec3",
      "x": -2.955,
      "y": 3.412,
      "z": 5.118
    },
    "_lrot": {
      "__type__": "cc.Quat",
      "x": -0.24999999999999997,
      "y": -0.24999999999999997,
      "z": -0.06698729810778066,
      "w": 0.9330127018922194
    },
    "_lscale": {
      "__type__": "cc.Vec3",
      "x": 1,
      "y": 1,
      "z": 1
    },
    "_layer": 1073741824,
    "_euler": {
      "__type__": "cc.Vec3",
      "x": -30,
      "y": -30,
      "z": 0
    },
    "_id": "c0y6F5f+pAvI805TdmxIjx"
  },
  {
    "__type__": "cc.DirectionalLight",
    "_name": "",
    "_objFlags": 0,
    "node": {
      "__id__": 2
    },
    "_enabled": true,
    "__prefab": null,
    "_color": {
      "__type__": "cc.Color",
      "r": 255,
      "g": 255,
      "b": 255,
      "a": 255
    },
    "_useColorTemperature": false,
    "_colorTemperature": 6550,
    "_staticSettings": {
      "__id__": 4
    },
    "_illuminance": 125000,
    "_id": "597uMYCbhEtJQc0ffJlcgA",
    "_illuminanceLDR": 3.2552083333333335,
    "_illuminanceHDR": 125000,
    "_shadowEnabled": true,
    "_shadowPcf": 2,
    "_shadowBias": 0.01,
    "_shadowNormalBias": 0,
    "_shadowSaturation": 0.45098039215686275,
    "_shadowDistance": 10,
    "_shadowInvisibleOcclusionRange": 200,
    "_shadowFixedArea": false,
    "_shadowNear": 0.1,
    "_shadowFar": 50,
    "_shadowOrthoSize": 10,
    "_csmLevel": 1,
    "_csmLayerLambda": 0.75,
    "_csmOptimizationMode": 2
  },
  {
    "__type__": "cc.StaticLightSettings",
    "_baked": false,
    "_editorOnly": false,
    "_bakeable": false,
    "_castShadow": false
  },
  {
    "__type__": "cc.Node",
    "_name": "Main Camera",
    "_objFlags": 0,
    "_parent": {
      "__id__": 1
    },
    "_children": [],
    "_active": true,
    "_components": [
      {
        "__id__": 6
      }
    ],
    "_prefab": null,
    "_lpos": {
      "__type__": "cc.Vec3",
      "x": 0.4563737338172984,
      "y": 4.020698998822525,
      "z": 7.83104356477376
    },
    "_lrot": {
      "__type__": "cc.Quat",
      "x": -0.07236081996736556,
      "y": 0.03501809641207027,
      "z": 0.002542173940871125,
      "w": 0.9967603433167774
    },
    "_lscale": {
      "__type__": "cc.Vec3",
      "x": 1,
      "y": 1,
      "z": 1
    },
    "_layer": 1073741824,
    "_euler": {
      "__type__": "cc.Vec3",
      "x": -8.304321541008003,
      "y": 4.024165472580301,
      "z": 9.93923337957349e-17
    },
    "_id": "c9DMICJLFO5IeO07EPon7U"
  },
  {
    "__type__": "cc.Camera",
    "_name": "",
    "_objFlags": 0,
    "node": {
      "__id__": 5
    },
    "_enabled": true,
    "__prefab": null,
    "_projection": 1,
    "_priority": 0,
    "_fov": 45,
    "_fovAxis": 0,
    "_orthoHeight": 10,
    "_near": 1,
    "_far": 1000,
    "_color": {
      "__type__": "cc.Color",
      "r": 51,
      "g": 51,
      "b": 51,
      "a": 255
    },
    "_depth": 1,
    "_stencil": 0,
    "_clearFlags": 14,
    "_rect": {
      "__type__": "cc.Rect",
      "x": 0,
      "y": 0,
      "width": 1,
      "height": 1
    },
    "_aperture": 19,
    "_shutter": 7,
    "_iso": 0,
    "_screenScale": 1,
    "_visibility": 1820327937,
    "_targetTexture": null,
    "_id": "7dWQTpwS5LrIHnc1zAPUtf"
  },
  {
    "__type__": "cc.Node",
    "_objFlags": 0,
    "_parent": {
      "__id__": 1
    },
    "_prefab": {
      "__id__": 8
    },
    "_id": "6dkcA2pVdK6o9h8rGVX3bm"
  },
  {
    "__type__": "cc.PrefabInfo",
    "root": {
      "__id__": 7
    },
    "asset": {
      "__uuid__": "ccc3a755-7d3d-4304-aa3b-ca4792d79d9f"
    },
    "fileId": "26LvC5hbxAuJZ9Jl2SB/IV",
    "instance": {
      "__id__": 9
    }
  },
  {
    "__type__": "cc.PrefabInstance",
    "fileId": "cdNOYl3LRPhapW8a8hi/Iy",
    "prefabRootNode": null,
    "mountedChildren": [],
    "propertyOverrides": [
      {
        "__id__": 10
      },
      {
        "__id__": 13
      },
      {
        "__id__": 16
      },
      {
        "__id__": 18
      },
      {
        "__id__": 21
      },
      {
        "__id__": 23
      },
      {
        "__id__": 26
      },
      {
        "__id__": 29
      },
      {
        "__id__": 32
      },
      {
        "__id__": 35
      },
      {
        "__id__": 38
      },
      {
        "__id__": 41
      }
    ],
    "removedComponents": []
  },
  {
    "__type__": "CCPropertyOverrideInfo",
    "targetInfo": {
      "__id__": 11
    },
    "propertyPath": [
      "lightmapSettings"
    ],
    "value": {
      "__id__": 12
    }
  },
  {
    "__type__": "cc.TargetInfo",
    "localID": [
      "ddvMFij+ZIL5lu+/NQX8Nf"
    ]
  },
  {
    "__type__": "cc.ModelBakeSettings",
    "texture": null,
    "uvParam": {
      "__type__": "cc.Vec4",
      "x": 0,
      "y": 0,
      "z": 0,
      "w": 0
    },
    "_bakeable": false,
    "_castShadow": false,
    "_receiveShadow": false,
    "_recieveShadow": false,
    "_lightmapSize": 64
  },
  {
    "__type__": "CCPropertyOverrideInfo",
    "targetInfo": {
      "__id__": 14
    },
    "propertyPath": [
      "lightmapSettings"
    ],
    "value": {
      "__id__": 15
    }
  },
  {
    "__type__": "cc.TargetInfo",
    "localID": [
      "e3XMjUJKFLH41z39JaWzyB"
    ]
  },
  {
    "__type__": "cc.ModelBakeSettings",
    "texture": null,
    "uvParam": {
      "__type__": "cc.Vec4",
      "x": 0,
      "y": 0,
      "z": 0,
      "w": 0
    },
    "_bakeable": false,
    "_castShadow": false,
    "_receiveShadow": false,
    "_recieveShadow": false,
    "_lightmapSize": 64
  },
  {
    "__type__": "CCPropertyOverrideInfo",
    "targetInfo": {
      "__id__": 17
    },
    "propertyPath": [
      "position"
    ],
    "value": {
      "__type__": "cc.Vec3",
      "x": -1.341,
      "y": 0.805,
      "z": -2.555
    }
  },
  {
    "__type__": "cc.TargetInfo",
    "localID": [
      "fd517lz3tOuqVWGd5300X6"
    ]
  },
  {
    "__type__": "CCPropertyOverrideInfo",
    "targetInfo": {
      "__id__": 19
    },
    "propertyPath": [
      "lightmapSettings"
    ],
    "value": {
      "__id__": 20
    }
  },
  {
    "__type__": "cc.TargetInfo",
    "localID": [
      "a5Viy6l3VLDpf6gY5yZF+v"
    ]
  },
  {
    "__type__": "cc.ModelBakeSettings",
    "texture": null,
    "uvParam": {
      "__type__": "cc.Vec4",
      "x": 0,
      "y": 0,
      "z": 0,
      "w": 0
    },
    "_bakeable": false,
    "_castShadow": false,
    "_receiveShadow": false,
    "_recieveShadow": false,
    "_lightmapSize": 64
  },
  {
    "__type__": "CCPropertyOverrideInfo",
    "targetInfo": {
      "__id__": 22
    },
    "propertyPath": [
      "_shadowCastingMode"
    ],
    "value": 1
  },
  {
    "__type__": "cc.TargetInfo",
    "localID": [
      "a5Viy6l3VLDpf6gY5yZF+v"
    ]
  },
  {
    "__type__": "CCPropertyOverrideInfo",
    "targetInfo": {
      "__id__": 24
    },
    "propertyPath": [
      "lightmapSettings"
    ],
    "value": {
      "__id__": 25
    }
  },
  {
    "__type__": "cc.TargetInfo",
    "localID": [
      "e4If/bQrJCsb9D9JopZa2h"
    ]
  },
  {
    "__type__": "cc.ModelBakeSettings",
    "texture": null,
    "uvParam": {
      "__type__": "cc.Vec4",
      "x": 0,
      "y": 0,
      "z": 0,
      "w": 0
    },
    "_bakeable": false,
    "_castShadow": false,
    "_receiveShadow": false,
    "_recieveShadow": false,
    "_lightmapSize": 64
  },
  {
    "__type__": "CCPropertyOverrideInfo",
    "targetInfo": {
      "__id__": 27
    },
    "propertyPath": [
      "lightmapSettings"
    ],
    "value": {
      "__id__": 28
    }
  },
  {
    "__type__": "cc.TargetInfo",
    "localID": [
      "d7Vkz0NV5Mn4RUce28JVTp"
    ]
  },
  {
    "__type__": "cc.ModelBakeSettings",
    "texture": null,
    "uvParam": {
      "__type__": "cc.Vec4",
      "x": 0,
      "y": 0,
      "z": 0,
      "w": 0
    },
    "_bakeable": false,
    "_castShadow": false,
    "_receiveShadow": false,
    "_recieveShadow": false,
    "_lightmapSize": 64
  },
  {
    "__type__": "CCPropertyOverrideInfo",
    "targetInfo": {
      "__id__": 30
    },
    "propertyPath": [
      "lightmapSettings"
    ],
    "value": {
      "__id__": 31
    }
  },
  {
    "__type__": "cc.TargetInfo",
    "localID": [
      "3eVATgLQJKDbqOvE33W2uc"
    ]
  },
  {
    "__type__": "cc.ModelBakeSettings",
    "texture": null,
    "uvParam": {
      "__type__": "cc.Vec4",
      "x": 0,
      "y": 0,
      "z": 0,
      "w": 0
    },
    "_bakeable": false,
    "_castShadow": false,
    "_receiveShadow": false,
    "_recieveShadow": false,
    "_lightmapSize": 64
  },
  {
    "__type__": "CCPropertyOverrideInfo",
    "targetInfo": {
      "__id__": 33
    },
    "propertyPath": [
      "lightmapSettings"
    ],
    "value": {
      "__id__": 34
    }
  },
  {
    "__type__": "cc.TargetInfo",
    "localID": [
      "2akU/MgO5Ovo6QcS0c/I7e"
    ]
  },
  {
    "__type__": "cc.ModelBakeSettings",
    "texture": null,
    "uvParam": {
      "__type__": "cc.Vec4",
      "x": 0,
      "y": 0,
      "z": 0,
      "w": 0
    },
    "_bakeable": false,
    "_castShadow": false,
    "_receiveShadow": false,
    "_recieveShadow": false,
    "_lightmapSize": 64
  },
  {
    "__type__": "CCPropertyOverrideInfo",
    "targetInfo": {
      "__id__": 36
    },
    "propertyPath": [
      "lightmapSettings"
    ],
    "value": {
      "__id__": 37
    }
  },
  {
    "__type__": "cc.TargetInfo",
    "localID": [
      "54xaKIQbtPLK5r21VY0qmM"
    ]
  },
  {
    "__type__": "cc.ModelBakeSettings",
    "texture": null,
    "uvParam": {
      "__type__": "cc.Vec4",
      "x": 0,
      "y": 0,
      "z": 0,
      "w": 0
    },
    "_bakeable": false,
    "_castShadow": false,
    "_receiveShadow": false,
    "_recieveShadow": false,
    "_lightmapSize": 64
  },
  {
    "__type__": "CCPropertyOverrideInfo",
    "targetInfo": {
      "__id__": 39
    },
    "propertyPath": [
      "lightmapSettings"
    ],
    "value": {
      "__id__": 40
    }
  },
  {
    "__type__": "cc.TargetInfo",
    "localID": [
      "23UFBqszxJ/6Otof04QwYT"
    ]
  },
  {
    "__type__": "cc.ModelBakeSettings",
    "texture": null,
    "uvParam": {
      "__type__": "cc.Vec4",
      "x": 0,
      "y": 0,
      "z": 0,
      "w": 0
    },
    "_bakeable": false,
    "_castShadow": false,
    "_receiveShadow": false,
    "_recieveShadow": false,
    "_lightmapSize": 64
  },
  {
    "__type__": "CCPropertyOverrideInfo",
    "targetInfo": {
      "__id__": 42
    },
    "propertyPath": [
      "lightmapSettings"
    ],
    "value": {
      "__id__": 43
    }
  },
  {
    "__type__": "cc.TargetInfo",
    "localID": [
      "c7PE6gNTdDw45ytwlOEWR3"
    ]
  },
  {
    "__type__": "cc.ModelBakeSettings",
    "texture": null,
    "uvParam": {
      "__type__": "cc.Vec4",
      "x": 0,
      "y": 0,
      "z": 0,
      "w": 0
    },
    "_bakeable": false,
    "_castShadow": false,
    "_receiveShadow": false,
    "_recieveShadow": false,
    "_lightmapSize": 64
  },
  {
    "__type__": "cc.Node",
    "_objFlags": 0,
    "_parent": {
      "__id__": 1
    },
    "_prefab": {
      "__id__": 45
    },
    "_id": "fcY5TMXBxOuo8tyzFfp6B9"
  },
  {
    "__type__": "cc.PrefabInfo",
    "root": {
      "__id__": 44
    },
    "asset": {
      "__uuid__": "cfc53c4e-7956-482b-aebc-3fb1dcd36eef"
    },
    "fileId": "6dMvPN2t1B66O9Zc3HG8dr",
    "instance": {
      "__id__": 46
    }
  },
  {
    "__type__": "cc.PrefabInstance",
    "fileId": "93xtJEZ71OF5Gk8u497J9k",
    "prefabRootNode": null,
    "mountedChildren": [],
    "propertyOverrides": [
      {
        "__id__": 47
      },
      {
        "__id__": 50
      },
      {
        "__id__": 53
      },
      {
        "__id__": 56
      }
    ],
    "removedComponents": []
  },
  {
    "__type__": "CCPropertyOverrideInfo",
    "targetInfo": {
      "__id__": 48
    },
    "propertyPath": [
      "lightmapSettings"
    ],
    "value": {
      "__id__": 49
    }
  },
  {
    "__type__": "cc.TargetInfo",
    "localID": [
      "78XZsd31xPjIsSP2888FcN"
    ]
  },
  {
    "__type__": "cc.ModelBakeSettings",
    "texture": null,
    "uvParam": {
      "__type__": "cc.Vec4",
      "x": 0,
      "y": 0,
      "z": 0,
      "w": 0
    },
    "_bakeable": false,
    "_castShadow": false,
    "_receiveShadow": false,
    "_recieveShadow": false,
    "_lightmapSize": 64
  },
  {
    "__type__": "CCPropertyOverrideInfo",
    "targetInfo": {
      "__id__": 51
    },
    "propertyPath": [
      "lightmapSettings"
    ],
    "value": {
      "__id__": 52
    }
  },
  {
    "__type__": "cc.TargetInfo",
    "localID": [
      "ffoVYmt2NOmIBz5DHpacF8"
    ]
  },
  {
    "__type__": "cc.ModelBakeSettings",
    "texture": null,
    "uvParam": {
      "__type__": "cc.Vec4",
      "x": 0,
      "y": 0,
      "z": 0,
      "w": 0
    },
    "_bakeable": false,
    "_castShadow": false,
    "_receiveShadow": false,
    "_recieveShadow": false,
    "_lightmapSize": 64
  },
  {
    "__type__": "CCPropertyOverrideInfo",
    "targetInfo": {
      "__id__": 54
    },
    "propertyPath": [
      "lightmapSettings"
    ],
    "value": {
      "__id__": 55
    }
  },
  {
    "__type__": "cc.TargetInfo",
    "localID": [
      "9aCVBuMeZPv6so1VxT6c40"
    ]
  },
  {
    "__type__": "cc.ModelBakeSettings",
    "texture": null,
    "uvParam": {
      "__type__": "cc.Vec4",
      "x": 0,
      "y": 0,
      "z": 0,
      "w": 0
    },
    "_bakeable": false,
    "_castShadow": false,
    "_receiveShadow": false,
    "_recieveShadow": false,
    "_lightmapSize": 64
  },
  {
    "__type__": "CCPropertyOverrideInfo",
    "targetInfo": {
      "__id__": 57
    },
    "propertyPath": [
      "lightmapSettings"
    ],
    "value": {
      "__id__": 58
    }
  },
  {
    "__type__": "cc.TargetInfo",
    "localID": [
      "ca1srfPsJJgKKJww9GO/JE"
    ]
  },
  {
    "__type__": "cc.ModelBakeSettings",
    "texture": null,
    "uvParam": {
      "__type__": "cc.Vec4",
      "x": 0,
      "y": 0,
      "z": 0,
      "w": 0
    },
    "_bakeable": false,
    "_castShadow": false,
    "_receiveShadow": false,
    "_recieveShadow": false,
    "_lightmapSize": 64
  },
  {
    "__type__": "cc.Node",
    "_objFlags": 0,
    "_parent": {
      "__id__": 1
    },
    "_prefab": {
      "__id__": 60
    },
    "_id": "96ghi0rklFc4YnsYx0Rtjm"
  },
  {
    "__type__": "cc.PrefabInfo",
    "root": {
      "__id__": 59
    },
    "asset": {
      "__uuid__": "5e4d48c4-0e34-45af-a268-89485197e8bc"
    },
    "fileId": "e5Peksu5tL9peMeABb8/JC",
    "instance": {
      "__id__": 61
    }
  },
  {
    "__type__": "cc.PrefabInstance",
    "fileId": "7e4SH9jydKyaQjXZtS5AiQ",
    "prefabRootNode": null,
    "mountedChildren": [],
    "propertyOverrides": [
      {
        "__id__": 62
      },
      {
        "__id__": 65
      },
      {
        "__id__": 67
      },
      {
        "__id__": 70
      },
      {
        "__id__": 72
      },
      {
        "__id__": 75
      },
      {
        "__id__": 77
      },
      {
        "__id__": 80
      },
      {
        "__id__": 82
      },
      {
        "__id__": 84
      },
      {
        "__id__": 87
      },
      {
        "__id__": 89
      },
      {
        "__id__": 92
      },
      {
        "__id__": 94
      },
      {
        "__id__": 97
      },
      {
        "__id__": 99
      },
      {
        "__id__": 102
      },
      {
        "__id__": 104
      },
      {
        "__id__": 107
      },
      {
        "__id__": 109
      },
      {
        "__id__": 112
      },
      {
        "__id__": 114
      },
      {
        "__id__": 117
      },
      {
        "__id__": 119
      },
      {
        "__id__": 122
      }
    ],
    "removedComponents": []
  },
  {
    "__type__": "CCPropertyOverrideInfo",
    "targetInfo": {
      "__id__": 63
    },
    "propertyPath": [
      "lightmapSettings"
    ],
    "value": {
      "__id__": 64
    }
  },
  {
    "__type__": "cc.TargetInfo",
    "localID": [
      "a6J1jU/r1BPKNIcVMEREit"
    ]
  },
  {
    "__type__": "cc.ModelBakeSettings",
    "texture": null,
    "uvParam": {
      "__type__": "cc.Vec4",
      "x": 0,
      "y": 0,
      "z": 0,
      "w": 0
    },
    "_bakeable": false,
    "_castShadow": false,
    "_receiveShadow": false,
    "_recieveShadow": false,
    "_lightmapSize": 64
  },
  {
    "__type__": "CCPropertyOverrideInfo",
    "targetInfo": {
      "__id__": 66
    },
    "propertyPath": [
      "_shadowReceivingMode"
    ],
    "value": 1
  },
  {
    "__type__": "cc.TargetInfo",
    "localID": [
      "a6J1jU/r1BPKNIcVMEREit"
    ]
  },
  {
    "__type__": "CCPropertyOverrideInfo",
    "targetInfo": {
      "__id__": 68
    },
    "propertyPath": [
      "lightmapSettings"
    ],
    "value": {
      "__id__": 69
    }
  },
  {
    "__type__": "cc.TargetInfo",
    "localID": [
      "28WH2cvhNDFbN3it+8Q+XK"
    ]
  },
  {
    "__type__": "cc.ModelBakeSettings",
    "texture": null,
    "uvParam": {
      "__type__": "cc.Vec4",
      "x": 0,
      "y": 0,
      "z": 0,
      "w": 0
    },
    "_bakeable": false,
    "_castShadow": false,
    "_receiveShadow": false,
    "_recieveShadow": false,
    "_lightmapSize": 64
  },
  {
    "__type__": "CCPropertyOverrideInfo",
    "targetInfo": {
      "__id__": 71
    },
    "propertyPath": [
      "_shadowReceivingMode"
    ],
    "value": 1
  },
  {
    "__type__": "cc.TargetInfo",
    "localID": [
      "28WH2cvhNDFbN3it+8Q+XK"
    ]
  },
  {
    "__type__": "CCPropertyOverrideInfo",
    "targetInfo": {
      "__id__": 73
    },
    "propertyPath": [
      "lightmapSettings"
    ],
    "value": {
      "__id__": 74
    }
  },
  {
    "__type__": "cc.TargetInfo",
    "localID": [
      "87exLhmM1P35jx6GLN7j5f"
    ]
  },
  {
    "__type__": "cc.ModelBakeSettings",
    "texture": null,
    "uvParam": {
      "__type__": "cc.Vec4",
      "x": 0,
      "y": 0,
      "z": 0,
      "w": 0
    },
    "_bakeable": false,
    "_castShadow": false,
    "_receiveShadow": false,
    "_recieveShadow": false,
    "_lightmapSize": 64
  },
  {
    "__type__": "CCPropertyOverrideInfo",
    "targetInfo": {
      "__id__": 76
    },
    "propertyPath": [
      "_shadowReceivingMode"
    ],
    "value": 1
  },
  {
    "__type__": "cc.TargetInfo",
    "localID": [
      "87exLhmM1P35jx6GLN7j5f"
    ]
  },
  {
    "__type__": "CCPropertyOverrideInfo",
    "targetInfo": {
      "__id__": 78
    },
    "propertyPath": [
      "lightmapSettings"
    ],
    "value": {
      "__id__": 79
    }
  },
  {
    "__type__": "cc.TargetInfo",
    "localID": [
      "dduLonFhNK+q908BUlLM7f"
    ]
  },
  {
    "__type__": "cc.ModelBakeSettings",
    "texture": null,
    "uvParam": {
      "__type__": "cc.Vec4",
      "x": 0,
      "y": 0,
      "z": 0,
      "w": 0
    },
    "_bakeable": false,
    "_castShadow": false,
    "_receiveShadow": false,
    "_recieveShadow": false,
    "_lightmapSize": 64
  },
  {
    "__type__": "CCPropertyOverrideInfo",
    "targetInfo": {
      "__id__": 81
    },
    "propertyPath": [
      "_shadowCastingMode"
    ],
    "value": 1
  },
  {
    "__type__": "cc.TargetInfo",
    "localID": [
      "dduLonFhNK+q908BUlLM7f"
    ]
  },
  {
    "__type__": "CCPropertyOverrideInfo",
    "targetInfo": {
      "__id__": 83
    },
    "propertyPath": [
      "_shadowReceivingMode"
    ],
    "value": 1
  },
  {
    "__type__": "cc.TargetInfo",
    "localID": [
      "dduLonFhNK+q908BUlLM7f"
    ]
  },
  {
    "__type__": "CCPropertyOverrideInfo",
    "targetInfo": {
      "__id__": 85
    },
    "propertyPath": [
      "lightmapSettings"
    ],
    "value": {
      "__id__": 86
    }
  },
  {
    "__type__": "cc.TargetInfo",
    "localID": [
      "af0f1GeGlKf5MvKMEuH8MJ"
    ]
  },
  {
    "__type__": "cc.ModelBakeSettings",
    "texture": null,
    "uvParam": {
      "__type__": "cc.Vec4",
      "x": 0,
      "y": 0,
      "z": 0,
      "w": 0
    },
    "_bakeable": false,
    "_castShadow": false,
    "_receiveShadow": false,
    "_recieveShadow": false,
    "_lightmapSize": 64
  },
  {
    "__type__": "CCPropertyOverrideInfo",
    "targetInfo": {
      "__id__": 88
    },
    "propertyPath": [
      "_shadowReceivingMode"
    ],
    "value": 1
  },
  {
    "__type__": "cc.TargetInfo",
    "localID": [
      "af0f1GeGlKf5MvKMEuH8MJ"
    ]
  },
  {
    "__type__": "CCPropertyOverrideInfo",
    "targetInfo": {
      "__id__": 90
    },
    "propertyPath": [
      "lightmapSettings"
    ],
    "value": {
      "__id__": 91
    }
  },
  {
    "__type__": "cc.TargetInfo",
    "localID": [
      "e9BPt5G81CloUmA5IJNHIQ"
    ]
  },
  {
    "__type__": "cc.ModelBakeSettings",
    "texture": null,
    "uvParam": {
      "__type__": "cc.Vec4",
      "x": 0,
      "y": 0,
      "z": 0,
      "w": 0
    },
    "_bakeable": false,
    "_castShadow": false,
    "_receiveShadow": false,
    "_recieveShadow": false,
    "_lightmapSize": 64
  },
  {
    "__type__": "CCPropertyOverrideInfo",
    "targetInfo": {
      "__id__": 93
    },
    "propertyPath": [
      "_shadowReceivingMode"
    ],
    "value": 1
  },
  {
    "__type__": "cc.TargetInfo",
    "localID": [
      "e9BPt5G81CloUmA5IJNHIQ"
    ]
  },
  {
    "__type__": "CCPropertyOverrideInfo",
    "targetInfo": {
      "__id__": 95
    },
    "propertyPath": [
      "lightmapSettings"
    ],
    "value": {
      "__id__": 96
    }
  },
  {
    "__type__": "cc.TargetInfo",
    "localID": [
      "7dt8ZZ5EBNDIxOgpt1XbGu"
    ]
  },
  {
    "__type__": "cc.ModelBakeSettings",
    "texture": null,
    "uvParam": {
      "__type__": "cc.Vec4",
      "x": 0,
      "y": 0,
      "z": 0,
      "w": 0
    },
    "_bakeable": false,
    "_castShadow": false,
    "_receiveShadow": false,
    "_recieveShadow": false,
    "_lightmapSize": 64
  },
  {
    "__type__": "CCPropertyOverrideInfo",
    "targetInfo": {
      "__id__": 98
    },
    "propertyPath": [
      "_shadowReceivingMode"
    ],
    "value": 1
  },
  {
    "__type__": "cc.TargetInfo",
    "localID": [
      "7dt8ZZ5EBNDIxOgpt1XbGu"
    ]
  },
  {
    "__type__": "CCPropertyOverrideInfo",
    "targetInfo": {
      "__id__": 100
    },
    "propertyPath": [
      "lightmapSettings"
    ],
    "value": {
      "__id__": 101
    }
  },
  {
    "__type__": "cc.TargetInfo",
    "localID": [
      "c4Nekl9YtKUKupS0ASX7It"
    ]
  },
  {
    "__type__": "cc.ModelBakeSettings",
    "texture": null,
    "uvParam": {
      "__type__": "cc.Vec4",
      "x": 0,
      "y": 0,
      "z": 0,
      "w": 0
    },
    "_bakeable": false,
    "_castShadow": false,
    "_receiveShadow": false,
    "_recieveShadow": false,
    "_lightmapSize": 64
  },
  {
    "__type__": "CCPropertyOverrideInfo",
    "targetInfo": {
      "__id__": 103
    },
    "propertyPath": [
      "_shadowReceivingMode"
    ],
    "value": 1
  },
  {
    "__type__": "cc.TargetInfo",
    "localID": [
      "c4Nekl9YtKUKupS0ASX7It"
    ]
  },
  {
    "__type__": "CCPropertyOverrideInfo",
    "targetInfo": {
      "__id__": 105
    },
    "propertyPath": [
      "lightmapSettings"
    ],
    "value": {
      "__id__": 106
    }
  },
  {
    "__type__": "cc.TargetInfo",
    "localID": [
      "b9cuhcVRxPvZTPHcAyE7eS"
    ]
  },
  {
    "__type__": "cc.ModelBakeSettings",
    "texture": null,
    "uvParam": {
      "__type__": "cc.Vec4",
      "x": 0,
      "y": 0,
      "z": 0,
      "w": 0
    },
    "_bakeable": false,
    "_castShadow": false,
    "_receiveShadow": false,
    "_recieveShadow": false,
    "_lightmapSize": 64
  },
  {
    "__type__": "CCPropertyOverrideInfo",
    "targetInfo": {
      "__id__": 108
    },
    "propertyPath": [
      "_shadowReceivingMode"
    ],
    "value": 1
  },
  {
    "__type__": "cc.TargetInfo",
    "localID": [
      "b9cuhcVRxPvZTPHcAyE7eS"
    ]
  },
  {
    "__type__": "CCPropertyOverrideInfo",
    "targetInfo": {
      "__id__": 110
    },
    "propertyPath": [
      "lightmapSettings"
    ],
    "value": {
      "__id__": 111
    }
  },
  {
    "__type__": "cc.TargetInfo",
    "localID": [
      "f3T3OFBBJBYrGbPSQ+k7GJ"
    ]
  },
  {
    "__type__": "cc.ModelBakeSettings",
    "texture": null,
    "uvParam": {
      "__type__": "cc.Vec4",
      "x": 0,
      "y": 0,
      "z": 0,
      "w": 0
    },
    "_bakeable": false,
    "_castShadow": false,
    "_receiveShadow": false,
    "_recieveShadow": false,
    "_lightmapSize": 64
  },
  {
    "__type__": "CCPropertyOverrideInfo",
    "targetInfo": {
      "__id__": 113
    },
    "propertyPath": [
      "_shadowReceivingMode"
    ],
    "value": 1
  },
  {
    "__type__": "cc.TargetInfo",
    "localID": [
      "f3T3OFBBJBYrGbPSQ+k7GJ"
    ]
  },
  {
    "__type__": "CCPropertyOverrideInfo",
    "targetInfo": {
      "__id__": 115
    },
    "propertyPath": [
      "lightmapSettings"
    ],
    "value": {
      "__id__": 116
    }
  },
  {
    "__type__": "cc.TargetInfo",
    "localID": [
      "d0A5LfhGhAfrDnBGJ3JzOe"
    ]
  },
  {
    "__type__": "cc.ModelBakeSettings",
    "texture": null,
    "uvParam": {
      "__type__": "cc.Vec4",
      "x": 0,
      "y": 0,
      "z": 0,
      "w": 0
    },
    "_bakeable": false,
    "_castShadow": false,
    "_receiveShadow": false,
    "_recieveShadow": false,
    "_lightmapSize": 64
  },
  {
    "__type__": "CCPropertyOverrideInfo",
    "targetInfo": {
      "__id__": 118
    },
    "propertyPath": [
      "_shadowReceivingMode"
    ],
    "value": 1
  },
  {
    "__type__": "cc.TargetInfo",
    "localID": [
      "d0A5LfhGhAfrDnBGJ3JzOe"
    ]
  },
  {
    "__type__": "CCPropertyOverrideInfo",
    "targetInfo": {
      "__id__": 120
    },
    "propertyPath": [
      "lightmapSettings"
    ],
    "value": {
      "__id__": 121
    }
  },
  {
    "__type__": "cc.TargetInfo",
    "localID": [
      "161SEdWiFO/abXxUI8RkYk"
    ]
  },
  {
    "__type__": "cc.ModelBakeSettings",
    "texture": null,
    "uvParam": {
      "__type__": "cc.Vec4",
      "x": 0,
      "y": 0,
      "z": 0,
      "w": 0
    },
    "_bakeable": false,
    "_castShadow": false,
    "_receiveShadow": false,
    "_recieveShadow": false,
    "_lightmapSize": 64
  },
  {
    "__type__": "CCPropertyOverrideInfo",
    "targetInfo": {
      "__id__": 123
    },
    "propertyPath": [
      "_shadowReceivingMode"
    ],
    "value": 1
  },
  {
    "__type__": "cc.TargetInfo",
    "localID": [
      "161SEdWiFO/abXxUI8RkYk"
    ]
  },
  {
    "__type__": "cc.PrefabInfo",
    "fileId": "",
    "targetOverrides": [
      {
        "__id__": 125
      },
      {
        "__id__": 128
      },
      {
        "__id__": 131
      },
      {
        "__id__": 134
      },
      {
        "__id__": 137
      },
      {
        "__id__": 140
      },
      {
        "__id__": 143
      },
      {
        "__id__": 146
      },
      {
        "__id__": 149
      },
      {
        "__id__": 152
      },
      {
        "__id__": 155
      },
      {
        "__id__": 158
      },
      {
        "__id__": 161
      },
      {
        "__id__": 164
      },
      {
        "__id__": 167
      },
      {
        "__id__": 170
      }
    ],
    "nestedPrefabInstanceRoots": [
      {
        "__id__": 7
      },
      {
        "__id__": 44
      },
      {
        "__id__": 59
      }
    ]
  },
  {
    "__type__": "cc.TargetOverrideInfo",
    "source": {
      "__id__": 44
    },
    "sourceInfo": {
      "__id__": 126
    },
    "propertyPath": [
      "_skinningRoot"
    ],
    "target": {
      "__id__": 44
    },
    "targetInfo": {
      "__id__": 127
    }
  },
  {
    "__type__": "cc.TargetInfo",
    "localID": [
      "04W3Kzvb9BZbZUGFZzfzi5"
    ]
  },
  {
    "__type__": "cc.TargetInfo",
    "localID": [
      "6dMvPN2t1B66O9Zc3HG8dr"
    ]
  },
  {
    "__type__": "cc.TargetOverrideInfo",
    "source": {
      "__id__": 44
    },
    "sourceInfo": {
      "__id__": 129
    },
    "propertyPath": [
      "_skinningRoot"
    ],
    "target": {
      "__id__": 44
    },
    "targetInfo": {
      "__id__": 130
    }
  },
  {
    "__type__": "cc.TargetInfo",
    "localID": [
      "04W3Kzvb9BZbZUGFZzfzi5"
    ]
  },
  {
    "__type__": "cc.TargetInfo",
    "localID": [
      "6dMvPN2t1B66O9Zc3HG8dr"
    ]
  },
  {
    "__type__": "cc.TargetOverrideInfo",
    "source": {
      "__id__": 44
    },
    "sourceInfo": {
      "__id__": 132
    },
    "propertyPath": [
      "_skinningRoot"
    ],
    "target": {
      "__id__": 44
    },
    "targetInfo": {
      "__id__": 133
    }
  },
  {
    "__type__": "cc.TargetInfo",
    "localID": [
      "04W3Kzvb9BZbZUGFZzfzi5"
    ]
  },
  {
    "__type__": "cc.TargetInfo",
    "localID": [
      "6dMvPN2t1B66O9Zc3HG8dr"
    ]
  },
  {
    "__type__": "cc.TargetOverrideInfo",
    "source": {
      "__id__": 44
    },
    "sourceInfo": {
      "__id__": 135
    },
    "propertyPath": [
      "_skinningRoot"
    ],
    "target": {
      "__id__": 44
    },
    "targetInfo": {
      "__id__": 136
    }
  },
  {
    "__type__": "cc.TargetInfo",
    "localID": [
      "04W3Kzvb9BZbZUGFZzfzi5"
    ]
  },
  {
    "__type__": "cc.TargetInfo",
    "localID": [
      "6dMvPN2t1B66O9Zc3HG8dr"
    ]
  },
  {
    "__type__": "cc.TargetOverrideInfo",
    "source": {
      "__id__": 59
    },
    "sourceInfo": {
      "__id__": 138
    },
    "propertyPath": [
      "_skinningRoot"
    ],
    "target": {
      "__id__": 59
    },
    "targetInfo": {
      "__id__": 139
    }
  },
  {
    "__type__": "cc.TargetInfo",
    "localID": []
  },
  {
    "__type__": "cc.TargetInfo",
    "localID": [
      "87M1Av0v5LhZ3LsJOTzwr3"
    ]
  },
  {
    "__type__": "cc.TargetOverrideInfo",
    "source": {
      "__id__": 59
    },
    "sourceInfo": {
      "__id__": 141
    },
    "propertyPath": [
      "_skinningRoot"
    ],
    "target": {
      "__id__": 59
    },
    "targetInfo": {
      "__id__": 142
    }
  },
  {
    "__type__": "cc.TargetInfo",
    "localID": []
  },
  {
    "__type__": "cc.TargetInfo",
    "localID": [
      "8avX4W7ZtLOLCZ8n5QtiPm"
    ]
  },
  {
    "__type__": "cc.TargetOverrideInfo",
    "source": {
      "__id__": 59
    },
    "sourceInfo": {
      "__id__": 144
    },
    "propertyPath": [
      "_skinningRoot"
    ],
    "target": {
      "__id__": 59
    },
    "targetInfo": {
      "__id__": 145
    }
  },
  {
    "__type__": "cc.TargetInfo",
    "localID": []
  },
  {
    "__type__": "cc.TargetInfo",
    "localID": [
      "5fAmHUz0xO9YFym/gsZawP"
    ]
  },
  {
    "__type__": "cc.TargetOverrideInfo",
    "source": {
      "__id__": 59
    },
    "sourceInfo": {
      "__id__": 147
    },
    "propertyPath": [
      "_skinningRoot"
    ],
    "target": {
      "__id__": 59
    },
    "targetInfo": {
      "__id__": 148
    }
  },
  {
    "__type__": "cc.TargetInfo",
    "localID": []
  },
  {
    "__type__": "cc.TargetInfo",
    "localID": [
      "9bIVhdYYpFl7JZmL4oubNS"
    ]
  },
  {
    "__type__": "cc.TargetOverrideInfo",
    "source": {
      "__id__": 59
    },
    "sourceInfo": {
      "__id__": 150
    },
    "propertyPath": [
      "_skinningRoot"
    ],
    "target": {
      "__id__": 59
    },
    "targetInfo": {
      "__id__": 151
    }
  },
  {
    "__type__": "cc.TargetInfo",
    "localID": []
  },
  {
    "__type__": "cc.TargetInfo",
    "localID": [
      "2d66RAsipF1brG2RGpHJY1"
    ]
  },
  {
    "__type__": "cc.TargetOverrideInfo",
    "source": {
      "__id__": 59
    },
    "sourceInfo": {
      "__id__": 153
    },
    "propertyPath": [
      "_skinningRoot"
    ],
    "target": {
      "__id__": 59
    },
    "targetInfo": {
      "__id__": 154
    }
  },
  {
    "__type__": "cc.TargetInfo",
    "localID": []
  },
  {
    "__type__": "cc.TargetInfo",
    "localID": [
      "ffwse8PqZBf4sIEkNdsA+i"
    ]
  },
  {
    "__type__": "cc.TargetOverrideInfo",
    "source": {
      "__id__": 59
    },
    "sourceInfo": {
      "__id__": 156
    },
    "propertyPath": [
      "_skinningRoot"
    ],
    "target": {
      "__id__": 59
    },
    "targetInfo": {
      "__id__": 157
    }
  },
  {
    "__type__": "cc.TargetInfo",
    "localID": []
  },
  {
    "__type__": "cc.TargetInfo",
    "localID": [
      "adNP+ELEhC4awfcKkY8jYJ"
    ]
  },
  {
    "__type__": "cc.TargetOverrideInfo",
    "source": {
      "__id__": 59
    },
    "sourceInfo": {
      "__id__": 159
    },
    "propertyPath": [
      "_skinningRoot"
    ],
    "target": {
      "__id__": 59
    },
    "targetInfo": {
      "__id__": 160
    }
  },
  {
    "__type__": "cc.TargetInfo",
    "localID": []
  },
  {
    "__type__": "cc.TargetInfo",
    "localID": [
      "33gYFxG8dO2r8iKjzjEx4z"
    ]
  },
  {
    "__type__": "cc.TargetOverrideInfo",
    "source": {
      "__id__": 59
    },
    "sourceInfo": {
      "__id__": 162
    },
    "propertyPath": [
      "_skinningRoot"
    ],
    "target": {
      "__id__": 59
    },
    "targetInfo": {
      "__id__": 163
    }
  },
  {
    "__type__": "cc.TargetInfo",
    "localID": []
  },
  {
    "__type__": "cc.TargetInfo",
    "localID": [
      "27mCip0lFNkL+6Dj/Bpwj4"
    ]
  },
  {
    "__type__": "cc.TargetOverrideInfo",
    "source": {
      "__id__": 59
    },
    "sourceInfo": {
      "__id__": 165
    },
    "propertyPath": [
      "_skinningRoot"
    ],
    "target": {
      "__id__": 59
    },
    "targetInfo": {
      "__id__": 166
    }
  },
  {
    "__type__": "cc.TargetInfo",
    "localID": []
  },
  {
    "__type__": "cc.TargetInfo",
    "localID": [
      "50aim7sdtB2rmsHB4KRkd5"
    ]
  },
  {
    "__type__": "cc.TargetOverrideInfo",
    "source": {
      "__id__": 59
    },
    "sourceInfo": {
      "__id__": 168
    },
    "propertyPath": [
      "_skinningRoot"
    ],
    "target": {
      "__id__": 59
    },
    "targetInfo": {
      "__id__": 169
    }
  },
  {
    "__type__": "cc.TargetInfo",
    "localID": []
  },
  {
    "__type__": "cc.TargetInfo",
    "localID": [
      "70DWXrCRRL4pWATtzgi7DN"
    ]
  },
  {
    "__type__": "cc.TargetOverrideInfo",
    "source": {
      "__id__": 59
    },
    "sourceInfo": {
      "__id__": 171
    },
    "propertyPath": [
      "_skinningRoot"
    ],
    "target": {
      "__id__": 59
    },
    "targetInfo": {
      "__id__": 172
    }
  },
  {
    "__type__": "cc.TargetInfo",
    "localID": []
  },
  {
    "__type__": "cc.TargetInfo",
    "localID": [
      "7aOtJ3fThN27Zj4fmkg0ut"
    ]
  },
  {
    "__type__": "cc.SceneGlobals",
    "ambient": {
      "__id__": 174
    },
    "shadows": {
      "__id__": 175
    },
    "_skybox": {
      "__id__": 176
    },
    "fog": {
      "__id__": 177
    }
  },
  {
    "__type__": "cc.AmbientInfo",
    "_skyColor": {
      "__type__": "cc.Vec4",
      "x": 0.2,
      "y": 0.5019607843137255,
      "z": 0.8,
      "w": 0.520833125
    },
    "_skyIllum": 20000,
    "_groundAlbedo": {
      "__type__": "cc.Vec4",
      "x": 0.2,
      "y": 0.2,
      "z": 0.2,
      "w": 1
    },
    "_skyColorLDR": {
      "__type__": "cc.Vec4",
      "x": 0.2,
      "y": 0.5019607843137255,
      "z": 0.8,
      "w": 0.520833125
    },
    "_skyColorHDR": {
      "__type__": "cc.Vec4",
      "x": 0.2,
      "y": 0.5019607843137255,
      "z": 0.8,
      "w": 0.520833125
    },
    "_groundAlbedoLDR": {
      "__type__": "cc.Vec4",
      "x": 0.2,
      "y": 0.2,
      "z": 0.2,
      "w": 1
    },
    "_groundAlbedoHDR": {
      "__type__": "cc.Vec4",
      "x": 0.2,
      "y": 0.2,
      "z": 0.2,
      "w": 1
    },
    "_skyIllumLDR": 0.78125,
    "_skyIllumHDR": 20000
  },
  {
    "__type__": "cc.ShadowsInfo",
    "_type": 1,
    "_enabled": true,
    "_normal": {
      "__type__": "cc.Vec3",
      "x": 0,
      "y": 1,
      "z": 0
    },
    "_distance": 1,
    "_shadowColor": {
      "__type__": "cc.Color",
      "r": 0,
      "g": 0,
      "b": 0,
      "a": 115
    },
    "_maxReceived": 4,
    "_size": {
      "__type__": "cc.Vec2",
      "x": 512,
      "y": 512
    }
  },
  {
    "__type__": "cc.SkyboxInfo",
    "_envmap": {
      "__uuid__": "5af201b5-5951-4e2c-a81f-ac4aad9132cb@b47c0"
    },
    "_enabled": true,
    "_useHDR": true,
    "_envmapLDR": {
      "__uuid__": "5af201b5-5951-4e2c-a81f-ac4aad9132cb@b47c0"
    },
    "_envmapHDR": {
      "__uuid__": "5af201b5-5951-4e2c-a81f-ac4aad9132cb@b47c0"
    },
    "_diffuseMapLDR": null,
    "_diffuseMapHDR": null,
    "_envLightingType": 0
  },
  {
    "__type__": "cc.FogInfo",
    "_type": 0,
    "_fogColor": {
      "__type__": "cc.Color",
      "r": 225,
      "g": 225,
      "b": 225,
      "a": 255
    },
    "_enabled": false,
    "_fogDensity": 0.3,
    "_fogStart": 0.5,
    "_fogEnd": 300,
    "_fogAtten": 5,
    "_fogTop": 1.5,
    "_fogRange": 1.2,
    "_accurate": false
  }
]