{
  "__version__": "1.3.5",
  "log": {
    "level": 4
  },
  "common": {
    "buildPath": "project://build",
    "outputName": "ios",
    "mainBundleCompressionType": "merge_dep",
    "platform": "ios",
    "scenes": [
      {
        "url": "db://assets/scene/main.scene",
        "uuid": "7c3e7fab-7b1e-4865-ba84-3cf81b48b9fb",
        "inBundle": false
      }
    ]
  },
  "BuildTaskManager": {
    "taskMap": {
      "1749633168631": {
        "type": "build",
        "id": "1749633168631",
        "progress": 1,
        "state": "success",
        "stage": "build",
        "message": "6-11-2025 16:13:25 build success in 36472 ms!",
        "options": {
          "name": "NewProject_2",
          "platform": "ios",
          "buildPath": "project://build",
          "debug": false,
          "md5Cache": false,
          "skipCompressTexture": false,
          "sourceMaps": false,
          "polyfills": {
            "asyncFunctions": false
          },
          "experimentalEraseModules": false,
          "useBuiltinServer": false,
          "mainBundleIsRemote": false,
          "mainBundleCompressionType": "merge_dep",
          "useSplashScreen": true,
          "packAutoAtlas": true,
          "startScene": "7c3e7fab-7b1e-4865-ba84-3cf81b48b9fb",
          "outputName": "ios",
          "scenes": [
            {
              "url": "db://assets/scene/main.scene",
              "uuid": "7c3e7fab-7b1e-4865-ba84-3cf81b48b9fb",
              "inBundle": false
            }
          ],
          "web-desktop": [],
          "packages": {},
          "__version__": "1.3.5",
          "ios": []
        },
        "time": "6-11-2025 16:12",
        "dirty": false
      }
    }
  }
}
