{
  "__version__": "1.0.0",
  "builder": {
    "common": {
      "buildPath": "project://build",
      "outputName": "ios",
      "mainBundleCompressionType": "merge_dep",
      "platform": "ios",
      "scenes": [
        {
          "url": "db://assets/scene/main.scene",
          "uuid": "7c3e7fab-7b1e-4865-ba84-3cf81b48b9fb",
          "inBundle": false
        }
      ]
    },
    "options": {
      "ios": {
        "targetVersion": "12.0",
        "packageName": "com.game222.test111",
        "developerTeam": "U98U5L9538_7F9E39B8EB10EFFD62B8444B306784ED9E6877C9",
        "orientation": {
          "landscapeLeft": true,
          "portrait": true,
          "landscapeRight": true
        },
        "osTarget": {
          "iphoneos": true,
          "simulator": true
        }
      }
    },
    "taskOptionsMap": {
      "1749633168631": {
        "targetVersion": "12.0",
        "packageName": "com.game222.test111",
        "developerTeam": "U98U5L9538_7F9E39B8EB10EFFD62B8444B306784ED9E6877C9",
        "orientation": {
          "landscapeLeft": true,
          "portrait": true,
          "landscapeRight": true,
          "upsideDown": false
        },
        "osTarget": {
          "iphoneos": true,
          "simulator": true
        },
        "renderBackEnd": {
          "metal": true
        },
        "skipUpdateXcodeProject": false
      }
    },
    "__version__": "1.3.5"
  }
}
