[
  {
    "__type__": "cc.Prefab",
    "_name": "islands",
    "_objFlags": 0,
    "_native": "",
    "data": {
      "__id__": 1
    },
    "optimizationPolicy": 0,
    "asyncLoadAssets": false,
    "persistent": false
  },
  {
    "__type__": "cc.Node",
    "_name": "islands",
    "_objFlags": 0,
    "_parent": null,
    "_children": [
      {
        "__id__": 2
      }
    ],
    "_active": true,
    "_components": [],
    "_prefab": {
      "__id__": 54
    },
    "_lpos": {
      "__type__": "cc.Vec3",
      "x": 0,
      "y": 0,
      "z": 0
    },
    "_lrot": {
      "__type__": "cc.Quat",
      "x": 0,
      "y": 0,
      "z": 0,
      "w": 1
    },
    "_lscale": {
      "__type__": "cc.Vec3",
      "x": 1,
      "y": 1,
      "z": 1
    },
    "_layer": 1073741824,
    "_euler": {
      "__type__": "cc.Vec3",
      "x": 0,
      "y": 0,
      "z": 0
    },
    "_id": ""
  },
  {
    "__type__": "cc.Node",
    "_name": "RootNode",
    "_objFlags": 0,
    "_parent": {
      "__id__": 1
    },
    "_children": [
      {
        "__id__": 3
      },
      {
        "__id__": 8
      },
      {
        "__id__": 13
      },
      {
        "__id__": 18
      },
      {
        "__id__": 23
      },
      {
        "__id__": 28
      },
      {
        "__id__": 33
      },
      {
        "__id__": 38
      },
      {
        "__id__": 43
      },
      {
        "__id__": 48
      }
    ],
    "_active": true,
    "_components": [],
    "_prefab": {
      "__id__": 53
    },
    "_lpos": {
      "__type__": "cc.Vec3",
      "x": 0,
      "y": 0,
      "z": 0
    },
    "_lrot": {
      "__type__": "cc.Quat",
      "x": 0,
      "y": 0,
      "z": 0,
      "w": 1
    },
    "_lscale": {
      "__type__": "cc.Vec3",
      "x": 1,
      "y": 1,
      "z": 1
    },
    "_layer": 1073741824,
    "_euler": {
      "__type__": "cc.Vec3",
      "x": 0,
      "y": 0,
      "z": 0
    },
    "_id": ""
  },
  {
    "__type__": "cc.Node",
    "_name": "plane01",
    "_objFlags": 0,
    "_parent": {
      "__id__": 2
    },
    "_children": [],
    "_active": true,
    "_components": [
      {
        "__id__": 4
      }
    ],
    "_prefab": {
      "__id__": 7
    },
    "_lpos": {
      "__type__": "cc.Vec3",
      "x": 0,
      "y": -2.35098645956703e-40,
      "z": 2.1031643981928e-8
    },
    "_lrot": {
      "__type__": "cc.Quat",
      "x": -0.7071067811865476,
      "y": 0,
      "z": 0,
      "w": 0.7071067811865476
    },
    "_lscale": {
      "__type__": "cc.Vec3",
      "x": 4.25968408584595,
      "y": 4.25968408584595,
      "z": 2.35247683525085
    },
    "_layer": 1073741824,
    "_euler": {
      "__type__": "cc.Vec3",
      "x": -90.00000000000003,
      "y": 0,
      "z": 0
    },
    "_id": ""
  },
  {
    "__type__": "cc.MeshRenderer",
    "_name": "",
    "_objFlags": 0,
    "node": {
      "__id__": 3
    },
    "_enabled": true,
    "_materials": [
      {
        "__uuid__": "70d33758-1c1e-424d-b0ab-eac7410559bf"
      }
    ],
    "_visFlags": 0,
    "lightmapSettings": null,
    "_mesh": {
      "__uuid__": "0ab3142a-6968-4073-95af-026bc3b23623@2b0a8"
    },
    "_shadowCastingMode": 0,
    "_shadowReceivingMode": 1,
    "_enableMorph": true,
    "_id": "",
    "__prefab": {
      "__id__": 6
    },
    "bakeSettings": {
      "__id__": 5
    }
  },
  {
    "__type__": "cc.ModelBakeSettings",
    "texture": null,
    "uvParam": {
      "__type__": "cc.Vec4",
      "x": 0,
      "y": 0,
      "z": 0,
      "w": 0
    },
    "_bakeable": false,
    "_castShadow": false,
    "_receiveShadow": false,
    "_recieveShadow": false,
    "_lightmapSize": 64
  },
  {
    "__type__": "cc.CompPrefabInfo",
    "fileId": "ddvMFij+ZIL5lu+/NQX8Nf"
  },
  {
    "__type__": "cc.PrefabInfo",
    "root": {
      "__id__": 1
    },
    "asset": {
      "__id__": 0
    },
    "fileId": "70dgNwYARPfbvgVcNs+gIQ"
  },
  {
    "__type__": "cc.Node",
    "_name": "stone1",
    "_objFlags": 0,
    "_parent": {
      "__id__": 2
    },
    "_children": [],
    "_active": true,
    "_components": [
      {
        "__id__": 9
      }
    ],
    "_prefab": {
      "__id__": 12
    },
    "_lpos": {
      "__type__": "cc.Vec3",
      "x": -1.68451106548309,
      "y": 0.804959058761597,
      "z": -2.55509376525879
    },
    "_lrot": {
      "__type__": "cc.Quat",
      "x": 8.146034247147303e-8,
      "y": 0,
      "z": 0,
      "w": 0.9999999999999967
    },
    "_lscale": {
      "__type__": "cc.Vec3",
      "x": 0.111417099833488,
      "y": 0.111417099833488,
      "z": 0.111417099833488
    },
    "_layer": 1073741824,
    "_euler": {
      "__type__": "cc.Vec3",
      "x": 0.000009334667642611398,
      "y": 0,
      "z": 0
    },
    "_id": ""
  },
  {
    "__type__": "cc.MeshRenderer",
    "_name": "",
    "_objFlags": 0,
    "node": {
      "__id__": 8
    },
    "_enabled": true,
    "_materials": [
      {
        "__uuid__": "a155f93b-7769-4ca4-b75f-b13e52193859"
      }
    ],
    "_visFlags": 0,
    "lightmapSettings": null,
    "_mesh": {
      "__uuid__": "0ab3142a-6968-4073-95af-026bc3b23623@4a7d8"
    },
    "_shadowCastingMode": 1,
    "_shadowReceivingMode": 1,
    "_enableMorph": true,
    "_id": "",
    "__prefab": {
      "__id__": 11
    },
    "bakeSettings": {
      "__id__": 10
    }
  },
  {
    "__type__": "cc.ModelBakeSettings",
    "texture": null,
    "uvParam": {
      "__type__": "cc.Vec4",
      "x": 0,
      "y": 0,
      "z": 0,
      "w": 0
    },
    "_bakeable": false,
    "_castShadow": false,
    "_receiveShadow": false,
    "_recieveShadow": false,
    "_lightmapSize": 64
  },
  {
    "__type__": "cc.CompPrefabInfo",
    "fileId": "e3XMjUJKFLH41z39JaWzyB"
  },
  {
    "__type__": "cc.PrefabInfo",
    "root": {
      "__id__": 1
    },
    "asset": {
      "__id__": 0
    },
    "fileId": "fd517lz3tOuqVWGd5300X6"
  },
  {
    "__type__": "cc.Node",
    "_name": "tree1",
    "_objFlags": 0,
    "_parent": {
      "__id__": 2
    },
    "_children": [],
    "_active": true,
    "_components": [
      {
        "__id__": 14
      }
    ],
    "_prefab": {
      "__id__": 17
    },
    "_lpos": {
      "__type__": "cc.Vec3",
      "x": 2.69967889785767,
      "y": 0.392187118530273,
      "z": -3.67192149162292
    },
    "_lrot": {
      "__type__": "cc.Quat",
      "x": -0.7071067811865476,
      "y": 0,
      "z": 0,
      "w": 0.7071067811865476
    },
    "_lscale": {
      "__type__": "cc.Vec3",
      "x": 2.53999996185303,
      "y": 2.53999996185303,
      "z": 2.53999996185303
    },
    "_layer": 1073741824,
    "_euler": {
      "__type__": "cc.Vec3",
      "x": -90.00000000000003,
      "y": 0,
      "z": 0
    },
    "_id": ""
  },
  {
    "__type__": "cc.MeshRenderer",
    "_name": "",
    "_objFlags": 0,
    "node": {
      "__id__": 13
    },
    "_enabled": true,
    "_materials": [
      {
        "__uuid__": "7bf9df40-4bc9-4e25-8cb0-9a500f949102"
      }
    ],
    "_visFlags": 0,
    "lightmapSettings": null,
    "_mesh": {
      "__uuid__": "0ab3142a-6968-4073-95af-026bc3b23623@0e750"
    },
    "_shadowCastingMode": 0,
    "_shadowReceivingMode": 1,
    "_enableMorph": true,
    "_id": "",
    "__prefab": {
      "__id__": 16
    },
    "bakeSettings": {
      "__id__": 15
    }
  },
  {
    "__type__": "cc.ModelBakeSettings",
    "texture": null,
    "uvParam": {
      "__type__": "cc.Vec4",
      "x": 0,
      "y": 0,
      "z": 0,
      "w": 0
    },
    "_bakeable": false,
    "_castShadow": false,
    "_receiveShadow": false,
    "_recieveShadow": false,
    "_lightmapSize": 64
  },
  {
    "__type__": "cc.CompPrefabInfo",
    "fileId": "a5Viy6l3VLDpf6gY5yZF+v"
  },
  {
    "__type__": "cc.PrefabInfo",
    "root": {
      "__id__": 1
    },
    "asset": {
      "__id__": 0
    },
    "fileId": "1evO3wfhhGVomhJPkvbiM/"
  },
  {
    "__type__": "cc.Node",
    "_name": "tree1(__autogen 3)",
    "_objFlags": 0,
    "_parent": {
      "__id__": 2
    },
    "_children": [],
    "_active": true,
    "_components": [
      {
        "__id__": 19
      }
    ],
    "_prefab": {
      "__id__": 22
    },
    "_lpos": {
      "__type__": "cc.Vec3",
      "x": 4.34285020828247,
      "y": 0.273025780916214,
      "z": -4.5796275138855
    },
    "_lrot": {
      "__type__": "cc.Quat",
      "x": -0.7071067811865476,
      "y": 0,
      "z": 0,
      "w": 0.7071067811865476
    },
    "_lscale": {
      "__type__": "cc.Vec3",
      "x": 2.53999996185303,
      "y": 2.53999996185303,
      "z": 2.53999996185303
    },
    "_layer": 1073741824,
    "_euler": {
      "__type__": "cc.Vec3",
      "x": -90.00000000000003,
      "y": 0,
      "z": 0
    },
    "_id": ""
  },
  {
    "__type__": "cc.MeshRenderer",
    "_name": "",
    "_objFlags": 0,
    "node": {
      "__id__": 18
    },
    "_enabled": true,
    "_materials": [
      {
        "__uuid__": "7bf9df40-4bc9-4e25-8cb0-9a500f949102"
      }
    ],
    "_visFlags": 0,
    "lightmapSettings": null,
    "_mesh": {
      "__uuid__": "0ab3142a-6968-4073-95af-026bc3b23623@ef86b"
    },
    "_shadowCastingMode": 1,
    "_shadowReceivingMode": 1,
    "_enableMorph": true,
    "_id": "",
    "__prefab": {
      "__id__": 21
    },
    "bakeSettings": {
      "__id__": 20
    }
  },
  {
    "__type__": "cc.ModelBakeSettings",
    "texture": null,
    "uvParam": {
      "__type__": "cc.Vec4",
      "x": 0,
      "y": 0,
      "z": 0,
      "w": 0
    },
    "_bakeable": false,
    "_castShadow": false,
    "_receiveShadow": false,
    "_recieveShadow": false,
    "_lightmapSize": 64
  },
  {
    "__type__": "cc.CompPrefabInfo",
    "fileId": "e4If/bQrJCsb9D9JopZa2h"
  },
  {
    "__type__": "cc.PrefabInfo",
    "root": {
      "__id__": 1
    },
    "asset": {
      "__id__": 0
    },
    "fileId": "91DpAWXZ9CFJ+Wk1gnOU27"
  },
  {
    "__type__": "cc.Node",
    "_name": "tree1(__autogen 4)",
    "_objFlags": 0,
    "_parent": {
      "__id__": 2
    },
    "_children": [],
    "_active": true,
    "_components": [
      {
        "__id__": 24
      }
    ],
    "_prefab": {
      "__id__": 27
    },
    "_lpos": {
      "__type__": "cc.Vec3",
      "x": -2.78155946731567,
      "y": 0.366120487451553,
      "z": -5.44366216659546
    },
    "_lrot": {
      "__type__": "cc.Quat",
      "x": -0.7071067811865476,
      "y": 0,
      "z": 0,
      "w": 0.7071067811865476
    },
    "_lscale": {
      "__type__": "cc.Vec3",
      "x": 2.53999996185303,
      "y": 2.53999996185303,
      "z": 2.53999996185303
    },
    "_layer": 1073741824,
    "_euler": {
      "__type__": "cc.Vec3",
      "x": -90.00000000000003,
      "y": 0,
      "z": 0
    },
    "_id": ""
  },
  {
    "__type__": "cc.MeshRenderer",
    "_name": "",
    "_objFlags": 0,
    "node": {
      "__id__": 23
    },
    "_enabled": true,
    "_materials": [
      {
        "__uuid__": "7bf9df40-4bc9-4e25-8cb0-9a500f949102"
      }
    ],
    "_visFlags": 0,
    "lightmapSettings": null,
    "_mesh": {
      "__uuid__": "0ab3142a-6968-4073-95af-026bc3b23623@426f2"
    },
    "_shadowCastingMode": 1,
    "_shadowReceivingMode": 1,
    "_enableMorph": true,
    "_id": "",
    "__prefab": {
      "__id__": 26
    },
    "bakeSettings": {
      "__id__": 25
    }
  },
  {
    "__type__": "cc.ModelBakeSettings",
    "texture": null,
    "uvParam": {
      "__type__": "cc.Vec4",
      "x": 0,
      "y": 0,
      "z": 0,
      "w": 0
    },
    "_bakeable": false,
    "_castShadow": false,
    "_receiveShadow": false,
    "_recieveShadow": false,
    "_lightmapSize": 64
  },
  {
    "__type__": "cc.CompPrefabInfo",
    "fileId": "d7Vkz0NV5Mn4RUce28JVTp"
  },
  {
    "__type__": "cc.PrefabInfo",
    "root": {
      "__id__": 1
    },
    "asset": {
      "__id__": 0
    },
    "fileId": "03YnQPZo5Nc7TYZfZ1EVIK"
  },
  {
    "__type__": "cc.Node",
    "_name": "tree1(__autogen 5)",
    "_objFlags": 0,
    "_parent": {
      "__id__": 2
    },
    "_children": [],
    "_active": true,
    "_components": [
      {
        "__id__": 29
      }
    ],
    "_prefab": {
      "__id__": 32
    },
    "_lpos": {
      "__type__": "cc.Vec3",
      "x": -3.78196001052856,
      "y": 0.328564822673798,
      "z": -3.62895131111145
    },
    "_lrot": {
      "__type__": "cc.Quat",
      "x": -0.7071067811865447,
      "y": -6.18172403853676e-8,
      "z": -6.18172403853676e-8,
      "w": 0.7071067811865447
    },
    "_lscale": {
      "__type__": "cc.Vec3",
      "x": 2.53999996185303,
      "y": 2.53999996185303,
      "z": 2.53999996185303
    },
    "_layer": 1073741824,
    "_euler": {
      "__type__": "cc.Vec3",
      "x": -89.99999999999999,
      "y": -0.000010017912624975451,
      "z": 0
    },
    "_id": ""
  },
  {
    "__type__": "cc.MeshRenderer",
    "_name": "",
    "_objFlags": 0,
    "node": {
      "__id__": 28
    },
    "_enabled": true,
    "_materials": [
      {
        "__uuid__": "7bf9df40-4bc9-4e25-8cb0-9a500f949102"
      }
    ],
    "_visFlags": 0,
    "lightmapSettings": null,
    "_mesh": {
      "__uuid__": "0ab3142a-6968-4073-95af-026bc3b23623@754a2"
    },
    "_shadowCastingMode": 1,
    "_shadowReceivingMode": 1,
    "_enableMorph": true,
    "_id": "",
    "__prefab": {
      "__id__": 31
    },
    "bakeSettings": {
      "__id__": 30
    }
  },
  {
    "__type__": "cc.ModelBakeSettings",
    "texture": null,
    "uvParam": {
      "__type__": "cc.Vec4",
      "x": 0,
      "y": 0,
      "z": 0,
      "w": 0
    },
    "_bakeable": false,
    "_castShadow": false,
    "_receiveShadow": false,
    "_recieveShadow": false,
    "_lightmapSize": 64
  },
  {
    "__type__": "cc.CompPrefabInfo",
    "fileId": "3eVATgLQJKDbqOvE33W2uc"
  },
  {
    "__type__": "cc.PrefabInfo",
    "root": {
      "__id__": 1
    },
    "asset": {
      "__id__": 0
    },
    "fileId": "aehmnp6BdEt5duOREy07Ic"
  },
  {
    "__type__": "cc.Node",
    "_name": "tree1(__autogen 6)",
    "_objFlags": 0,
    "_parent": {
      "__id__": 2
    },
    "_children": [],
    "_active": true,
    "_components": [
      {
        "__id__": 34
      }
    ],
    "_prefab": {
      "__id__": 37
    },
    "_lpos": {
      "__type__": "cc.Vec3",
      "x": -6.02857780456543,
      "y": 0.0573978498578072,
      "z": -3.32550001144409
    },
    "_lrot": {
      "__type__": "cc.Quat",
      "x": -0.7071067811865476,
      "y": 0,
      "z": 0,
      "w": 0.7071067811865476
    },
    "_lscale": {
      "__type__": "cc.Vec3",
      "x": 2.53999996185303,
      "y": 2.53999996185303,
      "z": 2.53999996185303
    },
    "_layer": 1073741824,
    "_euler": {
      "__type__": "cc.Vec3",
      "x": -90.00000000000003,
      "y": 0,
      "z": 0
    },
    "_id": ""
  },
  {
    "__type__": "cc.MeshRenderer",
    "_name": "",
    "_objFlags": 0,
    "node": {
      "__id__": 33
    },
    "_enabled": true,
    "_materials": [
      {
        "__uuid__": "7bf9df40-4bc9-4e25-8cb0-9a500f949102"
      }
    ],
    "_visFlags": 0,
    "lightmapSettings": null,
    "_mesh": {
      "__uuid__": "0ab3142a-6968-4073-95af-026bc3b23623@71919"
    },
    "_shadowCastingMode": 1,
    "_shadowReceivingMode": 1,
    "_enableMorph": true,
    "_id": "",
    "__prefab": {
      "__id__": 36
    },
    "bakeSettings": {
      "__id__": 35
    }
  },
  {
    "__type__": "cc.ModelBakeSettings",
    "texture": null,
    "uvParam": {
      "__type__": "cc.Vec4",
      "x": 0,
      "y": 0,
      "z": 0,
      "w": 0
    },
    "_bakeable": false,
    "_castShadow": false,
    "_receiveShadow": false,
    "_recieveShadow": false,
    "_lightmapSize": 64
  },
  {
    "__type__": "cc.CompPrefabInfo",
    "fileId": "2akU/MgO5Ovo6QcS0c/I7e"
  },
  {
    "__type__": "cc.PrefabInfo",
    "root": {
      "__id__": 1
    },
    "asset": {
      "__id__": 0
    },
    "fileId": "1dXVprqA1AkpKbrdcroE4U"
  },
  {
    "__type__": "cc.Node",
    "_name": "tree1(__autogen 7)",
    "_objFlags": 0,
    "_parent": {
      "__id__": 2
    },
    "_children": [],
    "_active": true,
    "_components": [
      {
        "__id__": 39
      }
    ],
    "_prefab": {
      "__id__": 42
    },
    "_lpos": {
      "__type__": "cc.Vec3",
      "x": -0.547172009944916,
      "y": 0.595235526561737,
      "z": -3.40697646141052
    },
    "_lrot": {
      "__type__": "cc.Quat",
      "x": -0.7071067811865476,
      "y": 0,
      "z": 0,
      "w": 0.7071067811865476
    },
    "_lscale": {
      "__type__": "cc.Vec3",
      "x": 2.53999996185303,
      "y": 2.53999996185303,
      "z": 2.53999996185303
    },
    "_layer": 1073741824,
    "_euler": {
      "__type__": "cc.Vec3",
      "x": -90.00000000000003,
      "y": 0,
      "z": 0
    },
    "_id": ""
  },
  {
    "__type__": "cc.MeshRenderer",
    "_name": "",
    "_objFlags": 0,
    "node": {
      "__id__": 38
    },
    "_enabled": true,
    "_materials": [
      {
        "__uuid__": "7bf9df40-4bc9-4e25-8cb0-9a500f949102"
      }
    ],
    "_visFlags": 0,
    "lightmapSettings": null,
    "_mesh": {
      "__uuid__": "0ab3142a-6968-4073-95af-026bc3b23623@1332c"
    },
    "_shadowCastingMode": 1,
    "_shadowReceivingMode": 1,
    "_enableMorph": true,
    "_id": "",
    "__prefab": {
      "__id__": 41
    },
    "bakeSettings": {
      "__id__": 40
    }
  },
  {
    "__type__": "cc.ModelBakeSettings",
    "texture": null,
    "uvParam": {
      "__type__": "cc.Vec4",
      "x": 0,
      "y": 0,
      "z": 0,
      "w": 0
    },
    "_bakeable": false,
    "_castShadow": false,
    "_receiveShadow": false,
    "_recieveShadow": false,
    "_lightmapSize": 64
  },
  {
    "__type__": "cc.CompPrefabInfo",
    "fileId": "54xaKIQbtPLK5r21VY0qmM"
  },
  {
    "__type__": "cc.PrefabInfo",
    "root": {
      "__id__": 1
    },
    "asset": {
      "__id__": 0
    },
    "fileId": "c2n9MRvPxJRbv1PP2mhkZO"
  },
  {
    "__type__": "cc.Node",
    "_name": "tree1(__autogen 8)",
    "_objFlags": 0,
    "_parent": {
      "__id__": 2
    },
    "_children": [],
    "_active": true,
    "_components": [
      {
        "__id__": 44
      }
    ],
    "_prefab": {
      "__id__": 47
    },
    "_lpos": {
      "__type__": "cc.Vec3",
      "x": -6.58904409408569,
      "y": 0.117208734154701,
      "z": -1.02060234546661
    },
    "_lrot": {
      "__type__": "cc.Quat",
      "x": -0.7071067811865476,
      "y": 0,
      "z": 0,
      "w": 0.7071067811865476
    },
    "_lscale": {
      "__type__": "cc.Vec3",
      "x": 2.53999996185303,
      "y": 2.53999996185303,
      "z": 2.53999996185303
    },
    "_layer": 1073741824,
    "_euler": {
      "__type__": "cc.Vec3",
      "x": -90.00000000000003,
      "y": 0,
      "z": 0
    },
    "_id": ""
  },
  {
    "__type__": "cc.MeshRenderer",
    "_name": "",
    "_objFlags": 0,
    "node": {
      "__id__": 43
    },
    "_enabled": true,
    "_materials": [
      {
        "__uuid__": "7bf9df40-4bc9-4e25-8cb0-9a500f949102"
      }
    ],
    "_visFlags": 0,
    "lightmapSettings": null,
    "_mesh": {
      "__uuid__": "0ab3142a-6968-4073-95af-026bc3b23623@4d16f"
    },
    "_shadowCastingMode": 1,
    "_shadowReceivingMode": 1,
    "_enableMorph": true,
    "_id": "",
    "__prefab": {
      "__id__": 46
    },
    "bakeSettings": {
      "__id__": 45
    }
  },
  {
    "__type__": "cc.ModelBakeSettings",
    "texture": null,
    "uvParam": {
      "__type__": "cc.Vec4",
      "x": 0,
      "y": 0,
      "z": 0,
      "w": 0
    },
    "_bakeable": false,
    "_castShadow": false,
    "_receiveShadow": false,
    "_recieveShadow": false,
    "_lightmapSize": 64
  },
  {
    "__type__": "cc.CompPrefabInfo",
    "fileId": "23UFBqszxJ/6Otof04QwYT"
  },
  {
    "__type__": "cc.PrefabInfo",
    "root": {
      "__id__": 1
    },
    "asset": {
      "__id__": 0
    },
    "fileId": "e7VpTFkQ1Ev40vpNxYe7EG"
  },
  {
    "__type__": "cc.Node",
    "_name": "tree1(__autogen 9)",
    "_objFlags": 0,
    "_parent": {
      "__id__": 2
    },
    "_children": [],
    "_active": true,
    "_components": [
      {
        "__id__": 49
      }
    ],
    "_prefab": {
      "__id__": 52
    },
    "_lpos": {
      "__type__": "cc.Vec3",
      "x": 5.92053079605103,
      "y": 0.1805190294981,
      "z": -2.71322011947632
    },
    "_lrot": {
      "__type__": "cc.Quat",
      "x": -0.7071067811865447,
      "y": -6.18172403853676e-8,
      "z": -6.18172403853676e-8,
      "w": 0.7071067811865447
    },
    "_lscale": {
      "__type__": "cc.Vec3",
      "x": 2.53999996185303,
      "y": 2.53999996185303,
      "z": 2.53999996185303
    },
    "_layer": 1073741824,
    "_euler": {
      "__type__": "cc.Vec3",
      "x": -89.99999999999999,
      "y": -0.000010017912624975451,
      "z": 0
    },
    "_id": ""
  },
  {
    "__type__": "cc.MeshRenderer",
    "_name": "",
    "_objFlags": 0,
    "node": {
      "__id__": 48
    },
    "_enabled": true,
    "_materials": [
      {
        "__uuid__": "7bf9df40-4bc9-4e25-8cb0-9a500f949102"
      }
    ],
    "_visFlags": 0,
    "lightmapSettings": null,
    "_mesh": {
      "__uuid__": "0ab3142a-6968-4073-95af-026bc3b23623@efe84"
    },
    "_shadowCastingMode": 1,
    "_shadowReceivingMode": 1,
    "_enableMorph": true,
    "_id": "",
    "__prefab": {
      "__id__": 51
    },
    "bakeSettings": {
      "__id__": 50
    }
  },
  {
    "__type__": "cc.ModelBakeSettings",
    "texture": null,
    "uvParam": {
      "__type__": "cc.Vec4",
      "x": 0,
      "y": 0,
      "z": 0,
      "w": 0
    },
    "_bakeable": false,
    "_castShadow": false,
    "_receiveShadow": false,
    "_recieveShadow": false,
    "_lightmapSize": 64
  },
  {
    "__type__": "cc.CompPrefabInfo",
    "fileId": "c7PE6gNTdDw45ytwlOEWR3"
  },
  {
    "__type__": "cc.PrefabInfo",
    "root": {
      "__id__": 1
    },
    "asset": {
      "__id__": 0
    },
    "fileId": "a1wQefYUNInYWhsOmPzInv"
  },
  {
    "__type__": "cc.PrefabInfo",
    "root": {
      "__id__": 1
    },
    "asset": {
      "__id__": 0
    },
    "fileId": "068WXOAs1HrIDx+RBQ6XoV"
  },
  {
    "__type__": "cc.PrefabInfo",
    "root": {
      "__id__": 1
    },
    "asset": {
      "__id__": 0
    },
    "fileId": "26LvC5hbxAuJZ9Jl2SB/IV"
  }
]