[
    1,
    0,
    0,
    [
        "cc.TextureCube"
    ],
    0,
    [
        {
            "base": "2,2,0,0,2,1",
            "rgbe": false,
            "mipmaps": [
                {
                    "front": "5a8gG1WVFOLKgfrEqtkTLL@b47c0@e9a6d",
                    "back": "5a8gG1WVFOLKgfrEqtkTLL@b47c0@40c10",
                    "left": "5a8gG1WVFOLKgfrEqtkTLL@b47c0@8fd34",
                    "right": "5a8gG1WVFOLKgfrEqtkTLL@b47c0@74afd",
                    "top": "5a8gG1WVFOLKgfrEqtkTLL@b47c0@bb97f",
                    "bottom": "5a8gG1WVFOLKgfrEqtkTLL@b47c0@7d38f"
                }
            ]
        }
    ],
    [
        0
    ],
    0,
    [],
    [],
    []
]
