[
    1,
    [
        "955bAq4zhCPL27F0htsdnr@6c48a",
        "1brw/JvvpFnIvdrxpFCgMZ"
    ],
    [
        "mainTexture",
        "_effectAsset"
    ],
    [
        [
            "cc.Material",
            [
                "_name",
                "_states",
                "_defines",
                "_props"
            ],
            0,
            12
        ]
    ],
    [
        [
            0,
            0,
            1,
            2,
            3,
            4
        ]
    ],
    [
        [
            0,
            "shield",
            [
                {
                    "blendState": {
                        "targets": [
                            {}
                        ]
                    },
                    "depthStencilState": {},
                    "rasterizerState": {}
                },
                {
                    "blendState": {
                        "targets": [
                            {}
                        ]
                    },
                    "depthStencilState": {},
                    "rasterizerState": {}
                },
                {
                    "blendState": {
                        "targets": [
                            {}
                        ]
                    },
                    "depthStencilState": {},
                    "rasterizerState": {}
                }
            ],
            [
                {
                    "USE_ALBEDO_MAP": true
                },
                {
                    "USE_ALBEDO_MAP": true
                },
                {
                    "USE_ALBEDO_MAP": true
                }
            ],
            [
                [
                    [
                        {
                            "alphaThreshold": 0,
                            "roughness": 0.70710676908493,
                            "metallic": 0.400000005960464
                        },
                        "mainTexture",
                        6,
                        0
                    ],
                    {},
                    {}
                ],
                11,
                0,
                0
            ]
        ]
    ],
    0,
    0,
    [
        0,
        0
    ],
    [
        0,
        1
    ],
    [
        0,
        1
    ]
]
