{
  "__type__": "cc.Material",
  "_name": "soldier",
  "_objFlags": 0,
  "_native": "",
  "_effectAsset": {
    "__uuid__": "a7612b54-35e3-4238-a1a9-4a7b54635839"
  },
  "_techIdx": 0,
  "_defines": [
    {
      "USE_OUTLINE_PASS": true
    },
    {
      "USE_BASE_COLOR_MAP": true,
      "BASE_COLOR_MAP_AS_SHADE_MAP_1": true,
      "BASE_COLOR_MAP_AS_SHADE_MAP_2": true
    },
    {
      "USE_BASE_COLOR_MAP": true,
      "BASE_COLOR_MAP_AS_SHADE_MAP_1": true,
      "BASE_COLOR_MAP_AS_SHADE_MAP_2": true
    },
    {
      "USE_BASE_COLOR_MAP": true
    }
  ],
  "_states": [
    {
      "blendState": {
        "targets": [
          {}
        ]
      },
      "depthStencilState": {},
      "rasterizerState": {}
    },
    {
      "blendState": {
        "targets": [
          {}
        ]
      },
      "depthStencilState": {},
      "rasterizerState": {}
    },
    {
      "blendState": {
        "targets": [
          {}
        ]
      },
      "depthStencilState": {},
      "rasterizerState": {}
    },
    {
      "blendState": {
        "targets": [
          {}
        ]
      },
      "depthStencilState": {},
      "rasterizerState": {}
    }
  ],
  "_props": [
    {},
    {
      "specular": {
        "__type__": "cc.Color",
        "r": 255,
        "g": 255,
        "b": 255,
        "a": 0
      },
      "mainTexture": {
        "__uuid__": "6f891a7b-5a08-48e6-9841-ddb364ac86b1@6c48a"
      }
    },
    {},
    {}
  ]
}