{
  "__type__": "cc.Mesh",
  "_name": "",
  "_objFlags": 0,
  "_native": ".bin",
  "_struct": {
    "primitives": [
      {
        "primitiveMode": 7,
        "vertexBundelIndices": [
          0
        ],
        "indexView": {
          "offset": 44032,
          "length": 5268,
          "count": 2634,
          "stride": 2
        }
      }
    ],
    "vertexBundles": [
      {
        "view": {
          "offset": 0,
          "length": 44032,
          "count": 688,
          "stride": 64
        },
        "attributes": [
          {
            "name": "a_position",
            "format": 32,
            "isNormalized": false
          },
          {
            "name": "a_normal",
            "format": 32,
            "isNormalized": false
          },
          {
            "name": "a_texCoord",
            "format": 21,
            "isNormalized": false
          },
          {
            "name": "a_tangent",
            "format": 44,
            "isNormalized": false
          },
          {
            "name": "a_color",
            "format": 44,
            "isNormalized": false
          }
        ]
      }
    ],
    "minPosition": {
      "__type__": "cc.Vec3",
      "x": -26.697162628173828,
      "y": -5.055922985076904,
      "z": -21.154483795166016
    },
    "maxPosition": {
      "__type__": "cc.Vec3",
      "x": 60.5887565612793,
      "y": 11.239510536193848,
      "z": 12.134369850158691
    }
  },
  "_hash": 1251657800,
  "_allowDataAccess": true
}