{
  "__type__": "cc.Mesh",
  "_name": "",
  "_objFlags": 0,
  "_native": ".bin",
  "_struct": {
    "primitives": [
      {
        "primitiveMode": 7,
        "vertexBundelIndices": [
          0
        ],
        "indexView": {
          "offset": 17024,
          "length": 2616,
          "count": 1308,
          "stride": 2
        }
      }
    ],
    "vertexBundles": [
      {
        "view": {
          "offset": 0,
          "length": 17024,
          "count": 266,
          "stride": 64
        },
        "attributes": [
          {
            "name": "a_position",
            "format": 32,
            "isNormalized": false
          },
          {
            "name": "a_normal",
            "format": 32,
            "isNormalized": false
          },
          {
            "name": "a_texCoord",
            "format": 21,
            "isNormalized": false
          },
          {
            "name": "a_tangent",
            "format": 44,
            "isNormalized": false
          },
          {
            "name": "a_color",
            "format": 44,
            "isNormalized": false
          }
        ]
      }
    ],
    "minPosition": {
      "__type__": "cc.Vec3",
      "x": -0.8331011533737183,
      "y": -0.3728335201740265,
      "z": -0.03329771012067795
    },
    "maxPosition": {
      "__type__": "cc.Vec3",
      "x": 0.7926641702651978,
      "y": 0.46718841791152954,
      "z": 2.0596137046813965
    }
  },
  "_hash": 29018075,
  "_allowDataAccess": true
}