{
  "__type__": "cc.Mesh",
  "_name": "",
  "_objFlags": 0,
  "_native": ".bin",
  "_struct": {
    "primitives": [
      {
        "primitiveMode": 7,
        "vertexBundelIndices": [
          0
        ],
        "indexView": {
          "offset": 4752,
          "length": 1008,
          "count": 504,
          "stride": 2
        }
      }
    ],
    "vertexBundles": [
      {
        "view": {
          "offset": 0,
          "length": 4752,
          "count": 99,
          "stride": 48
        },
        "attributes": [
          {
            "name": "a_position",
            "format": 32,
            "isNormalized": false
          },
          {
            "name": "a_normal",
            "format": 32,
            "isNormalized": false
          },
          {
            "name": "a_texCoord",
            "format": 21,
            "isNormalized": false
          },
          {
            "name": "a_tangent",
            "format": 44,
            "isNormalized": false
          }
        ]
      }
    ],
    "minPosition": {
      "__type__": "cc.Vec3",
      "x": -2.0139009952545166,
      "y": -2.0199241638183594,
      "z": -0.5083037614822388
    },
    "maxPosition": {
      "__type__": "cc.Vec3",
      "x": 2.0139009952545166,
      "y": 2.0199241638183594,
      "z": 0.41632819175720215
    }
  },
  "_hash": 254309135,
  "_allowDataAccess": true
}