[
    1,
    0,
    0,
    [
        [
            "cc.Mesh",
            [
                "_native",
                "_hash",
                "_struct"
            ],
            1,
            11
        ]
    ],
    [
        [
            0,
            0,
            1,
            2,
            3
        ]
    ],
    [
        [
            0,
            ".bin",
            2341262723,
            [
                {
                    "primitives": [
                        {
                            "primitiveMode": 7,
                            "jointMapIndex": 0,
                            "vertexBundelIndices": [
                                0
                            ],
                            "indexView": {
                                "offset": 70128,
                                "length": 6960,
                                "count": 3480,
                                "stride": 2
                            }
                        }
                    ],
                    "vertexBundles": [
                        {
                            "view": {
                                "offset": 0,
                                "length": 70128,
                                "count": 974,
                                "stride": 72
                            },
                            "attributes": [
                                {
                                    "name": "a_position",
                                    "format": 32,
                                    "isNormalized": false
                                },
                                {
                                    "name": "a_normal",
                                    "format": 32,
                                    "isNormalized": false
                                },
                                {
                                    "name": "a_texCoord",
                                    "format": 21,
                                    "isNormalized": false
                                },
                                {
                                    "name": "a_tangent",
                                    "format": 44,
                                    "isNormalized": false
                                },
                                {
                                    "name": "a_joints",
                                    "format": 42,
                                    "isNormalized": false
                                },
                                {
                                    "name": "a_weights",
                                    "format": 44,
                                    "isNormalized": false
                                }
                            ]
                        }
                    ],
                    "jointMaps": [
                        [
                            0,
                            1,
                            2,
                            3,
                            4,
                            5,
                            6,
                            7,
                            8,
                            9,
                            10,
                            11,
                            12,
                            13,
                            14,
                            15,
                            16,
                            17,
                            18,
                            19,
                            20
                        ]
                    ]
                },
                "minPosition",
                8,
                [
                    1,
                    -0.006235902663320303,
                    -0.022199034690856934,
                    -0.00308204535394907
                ],
                "maxPosition",
                8,
                [
                    1,
                    0.006235902663320303,
                    0.0000021968080545775592,
                    0.0029080540407449007
                ]
            ]
        ],
        -1
    ],
    0,
    0,
    [],
    [],
    []
]
