[
    1,
    0,
    0,
    [
        [
            "cc.Mesh",
            [
                "_native",
                "_hash",
                "_struct"
            ],
            1,
            11
        ]
    ],
    [
        [
            0,
            0,
            1,
            2,
            3
        ]
    ],
    [
        [
            0,
            ".bin",
            891374575,
            [
                {
                    "primitives": [
                        {
                            "primitiveMode": 7,
                            "jointMapIndex": 0,
                            "vertexBundelIndices": [
                                0
                            ],
                            "indexView": {
                                "offset": 8080,
                                "length": 462,
                                "count": 231,
                                "stride": 2
                            }
                        }
                    ],
                    "vertexBundles": [
                        {
                            "view": {
                                "offset": 0,
                                "length": 8080,
                                "count": 101,
                                "stride": 80
                            },
                            "attributes": [
                                {
                                    "name": "a_position",
                                    "format": 32,
                                    "isNormalized": false
                                },
                                {
                                    "name": "a_normal",
                                    "format": 32,
                                    "isNormalized": false
                                },
                                {
                                    "name": "a_texCoord",
                                    "format": 21,
                                    "isNormalized": false
                                },
                                {
                                    "name": "a_tangent",
                                    "format": 44,
                                    "isNormalized": false
                                },
                                {
                                    "name": "a_joints",
                                    "format": 42,
                                    "isNormalized": false
                                },
                                {
                                    "name": "a_weights",
                                    "format": 44,
                                    "isNormalized": false
                                },
                                {
                                    "name": "a_texCoord1",
                                    "format": 21,
                                    "isNormalized": false
                                }
                            ]
                        }
                    ],
                    "jointMaps": [
                        [
                            0,
                            1,
                            2,
                            3,
                            4,
                            5
                        ]
                    ]
                },
                "minPosition",
                8,
                [
                    1,
                    -0.23816974461078644,
                    -0.3651643395423889,
                    -0.02080436609685421
                ],
                "maxPosition",
                8,
                [
                    1,
                    0.2359408587217331,
                    0.26479941606521606,
                    0.6728445887565613
                ]
            ]
        ],
        -1
    ],
    0,
    0,
    [],
    [],
    []
]
