{
  "__type__": "cc.TextureCube",
  "content": {
    "base": "2,2,0,0,2,1",
    "rgbe": false,
    "mipmaps": [
      {
        "front": "5af201b5-5951-4e2c-a81f-ac4aad9132cb@b47c0@e9a6d",
        "back": "5af201b5-5951-4e2c-a81f-ac4aad9132cb@b47c0@40c10",
        "left": "5af201b5-5951-4e2c-a81f-ac4aad9132cb@b47c0@8fd34",
        "right": "5af201b5-5951-4e2c-a81f-ac4aad9132cb@b47c0@74afd",
        "top": "5af201b5-5951-4e2c-a81f-ac4aad9132cb@b47c0@bb97f",
        "bottom": "5af201b5-5951-4e2c-a81f-ac4aad9132cb@b47c0@7d38f"
      }
    ]
  }
}