[
    1,
    0,
    0,
    [
        [
            "cc.Mesh",
            [
                "_native",
                "_hash",
                "_struct"
            ],
            1,
            11
        ]
    ],
    [
        [
            0,
            0,
            1,
            2,
            3
        ]
    ],
    [
        [
            0,
            ".bin",
            1400315511,
            [
                {
                    "primitives": [
                        {
                            "primitiveMode": 7,
                            "vertexBundelIndices": [
                                0
                            ],
                            "indexView": {
                                "offset": 17216,
                                "length": 2622,
                                "count": 1311,
                                "stride": 2
                            }
                        }
                    ],
                    "vertexBundles": [
                        {
                            "view": {
                                "offset": 0,
                                "length": 17216,
                                "count": 269,
                                "stride": 64
                            },
                            "attributes": [
                                {
                                    "name": "a_position",
                                    "format": 32,
                                    "isNormalized": false
                                },
                                {
                                    "name": "a_normal",
                                    "format": 32,
                                    "isNormalized": false
                                },
                                {
                                    "name": "a_texCoord",
                                    "format": 21,
                                    "isNormalized": false
                                },
                                {
                                    "name": "a_tangent",
                                    "format": 44,
                                    "isNormalized": false
                                },
                                {
                                    "name": "a_color",
                                    "format": 44,
                                    "isNormalized": false
                                }
                            ]
                        }
                    ]
                },
                "minPosition",
                8,
                [
                    1,
                    -0.49995025992393494,
                    -0.4541564881801605,
                    -0.09076808393001556
                ],
                "maxPosition",
                8,
                [
                    1,
                    0.9192519783973694,
                    0.6330084204673767,
                    2.026685953140259
                ]
            ]
        ],
        -1
    ],
    0,
    0,
    [],
    [],
    []
]
