{
  "/Users/user/Documents/NewProject_2/assets/material": {
    "time": 1749633065078.6233,
    "uuid": "bcb14f34-8131-435f-a8f5-29612c45af59",
    "missing": false
  },
  "/Users/user/Documents/NewProject_2/assets/model": {
    "time": 1749633065034.047,
    "uuid": "1ddc11ba-ecbd-4472-841c-f3777cb248da",
    "missing": false
  },
  "/Users/user/Documents/NewProject_2/assets/scene": {
    "time": 1749633065031.3584,
    "uuid": "b0a4abb1-db32-49c3-9e09-a45b922a2094",
    "missing": false
  },
  "/Users/user/Documents/NewProject_2/assets/skybox": {
    "time": 1749633065027.9165,
    "uuid": "9e344b1f-8681-4ddf-bcc6-bb014c332bb8",
    "missing": false
  },
  "/Users/user/Documents/NewProject_2/assets/model/helloWorld": {
    "time": 1749633065058.9216,
    "uuid": "11a1d348-a622-41b2-89f3-ed24657e5f84",
    "missing": false
  },
  "/Users/user/Documents/NewProject_2/assets/model/helloWorld/grass": {
    "time": 1749633065067.8452,
    "uuid": "e00862a8-c500-427c-b76f-bbe5203f19cc",
    "missing": false
  },
  "/Users/user/Documents/NewProject_2/assets/material.meta": {
    "time": 1749633065069.136
  },
  "/Users/user/Documents/NewProject_2/assets/model.meta": {
    "time": 1749633065032.7505
  },
  "/Users/user/Documents/NewProject_2/assets/scene.meta": {
    "time": 1749633065029.852
  },
  "/Users/user/Documents/NewProject_2/assets/skybox.meta": {
    "time": 1749633065025.7004
  },
  "/Users/user/Documents/NewProject_2/assets/model/helloWorld.meta": {
    "time": 1749633065033.904
  },
  "/Users/user/Documents/NewProject_2/assets/model/helloWorld/grass.meta": {
    "time": 1749633065058.7683
  },
  "/Users/user/Documents/NewProject_2/assets/material/hdcSky.mtl": {
    "time": 1749633091356.5378,
    "uuid": "482a5162-dad9-446c-b548-8486c7598ee1",
    "missing": false
  },
  "/Users/user/Documents/NewProject_2/assets/material/plane.mtl": {
    "time": 1749633091356.588,
    "uuid": "23e988d0-7168-4fe2-9d46-f29c114e9e33",
    "missing": false
  },
  "/Users/user/Documents/NewProject_2/assets/material/seafloor.mtl": {
    "time": 1749633091361.213,
    "uuid": "70d33758-1c1e-424d-b0ab-eac7410559bf",
    "missing": false
  },
  "/Users/user/Documents/NewProject_2/assets/material/shield.mtl": {
    "time": 1749633091356.668,
    "uuid": "8e047178-f61c-4322-a2f6-d1adb28b6ae2",
    "missing": false
  },
  "/Users/user/Documents/NewProject_2/assets/material/soldier.mtl": {
    "time": 1749633091361.2507,
    "uuid": "8a58ddec-f437-40b9-8ec0-1fc87de97fb5",
    "missing": false
  },
  "/Users/user/Documents/NewProject_2/assets/material/stone.mtl": {
    "time": 1749633091363.9194,
    "uuid": "a155f93b-7769-4ca4-b75f-b13e52193859",
    "missing": false
  },
  "/Users/user/Documents/NewProject_2/assets/material/tree.mtl": {
    "time": 1749633091370.6902,
    "uuid": "7bf9df40-4bc9-4e25-8cb0-9a500f949102",
    "missing": false
  },
  "/Users/user/Documents/NewProject_2/assets/scene/main.scene": {
    "time": 1749633091605.6545,
    "uuid": "7c3e7fab-7b1e-4865-ba84-3cf81b48b9fb",
    "missing": false
  },
  "/Users/user/Documents/NewProject_2/assets/skybox/sunnySkyBox.jpg": {
    "time": 1749633065028.9062,
    "uuid": "5af201b5-5951-4e2c-a81f-ac4aad9132cb",
    "missing": false
  },
  "/Users/user/Documents/NewProject_2/assets/model/helloWorld/hdcSky.FBX": {
    "time": 1749633065058.0364,
    "uuid": "929e58ce-66a4-4e04-9036-4244456a1220",
    "missing": false
  },
  "/Users/user/Documents/NewProject_2/assets/model/helloWorld/hdcSky.prefab": {
    "time": 1749633091607.2466,
    "uuid": "f0512d7a-e4f6-4209-8dc0-ed1de7149c85",
    "missing": false
  },
  "/Users/user/Documents/NewProject_2/assets/model/helloWorld/islands.FBX": {
    "time": 1749633065055.4097,
    "uuid": "0ab3142a-6968-4073-95af-026bc3b23623",
    "missing": false
  },
  "/Users/user/Documents/NewProject_2/assets/model/helloWorld/islands.prefab": {
    "time": 1749633091676.7893,
    "uuid": "ccc3a755-7d3d-4304-aa3b-ca4792d79d9f",
    "missing": false
  },
  "/Users/user/Documents/NewProject_2/assets/model/helloWorld/seafloor.jpg": {
    "time": 1749633065050.9202,
    "uuid": "4f4c4a34-2d08-4a4d-9169-834d7ce82cee",
    "missing": false
  },
  "/Users/user/Documents/NewProject_2/assets/model/helloWorld/shield.jpg": {
    "time": 1749633065048.3105,
    "uuid": "95e5b02a-e338-423c-bdbb-17486db1d9eb",
    "missing": false
  },
  "/Users/user/Documents/NewProject_2/assets/model/helloWorld/sky.png": {
    "time": 1749633065047.117,
    "uuid": "dc4a96c7-321a-48af-81e5-1127ad3ae432",
    "missing": false
  },
  "/Users/user/Documents/NewProject_2/assets/model/helloWorld/soldier.FBX": {
    "time": 1749633065044.9844,
    "uuid": "e3553cad-2f15-4293-859a-8f43c780f289",
    "missing": false
  },
  "/Users/user/Documents/NewProject_2/assets/model/helloWorld/soldier.png": {
    "time": 1749633065043.1936,
    "uuid": "6f891a7b-5a08-48e6-9841-ddb364ac86b1",
    "missing": false
  },
  "/Users/user/Documents/NewProject_2/assets/model/helloWorld/soldier.prefab": {
    "time": 1749633091830.3977,
    "uuid": "cfc53c4e-7956-482b-aebc-3fb1dcd36eef",
    "missing": false
  },
  "/Users/user/Documents/NewProject_2/assets/model/helloWorld/stone.jpg": {
    "time": 1749633065039.436,
    "uuid": "0718d996-39bf-4ab4-bb63-496666fef467",
    "missing": false
  },
  "/Users/user/Documents/NewProject_2/assets/model/helloWorld/tree.png": {
    "time": 1749633065037.56,
    "uuid": "c5083e75-ad2e-4ea9-8b33-dee748995b00",
    "missing": false
  },
  "/Users/user/Documents/NewProject_2/assets/model/helloWorld/grass/grass.FBX": {
    "time": 1749633065068.063,
    "uuid": "aade09ee-8f9d-413c-a9e8-8c686ea5e160",
    "missing": false
  },
  "/Users/user/Documents/NewProject_2/assets/model/helloWorld/grass/grass.mtl": {
    "time": 1749633091931.3647,
    "uuid": "b698e55a-b00b-4987-a8b4-af83cddc59f7",
    "missing": false
  },
  "/Users/user/Documents/NewProject_2/assets/model/helloWorld/grass/grass.png": {
    "time": 1749633065064.3228,
    "uuid": "ae18deea-c6e0-4a3d-bf70-ee5533f9ba87",
    "missing": false
  },
  "/Users/user/Documents/NewProject_2/assets/model/helloWorld/grass/grass.prefab": {
    "time": 1749633091965.1765,
    "uuid": "ebe68402-4803-40d3-b0a2-ca696e3f7c60",
    "missing": false
  },
  "/Users/user/Documents/NewProject_2/assets/model/helloWorld/grass/grassGoup.prefab": {
    "time": 1749633091965.672,
    "uuid": "5e4d48c4-0e34-45af-a268-89485197e8bc",
    "missing": false
  },
  "/Users/user/Documents/NewProject_2/assets/material/hdcSky.mtl.meta": {
    "time": 1749633091364.1377
  },
  "/Users/user/Documents/NewProject_2/assets/material/shield.mtl.meta": {
    "time": 1749633091364.627
  },
  "/Users/user/Documents/NewProject_2/assets/material/plane.mtl.meta": {
    "time": 1749633091364.8425
  },
  "/Users/user/Documents/NewProject_2/assets/material/seafloor.mtl.meta": {
    "time": 1749633091367.1653
  },
  "/Users/user/Documents/NewProject_2/assets/material/soldier.mtl.meta": {
    "time": 1749633091367.482
  },
  "/Users/user/Documents/NewProject_2/assets/material/stone.mtl.meta": {
    "time": 1749633091370.3547
  },
  "/Users/user/Documents/NewProject_2/assets/material/tree.mtl.meta": {
    "time": 1749633091511.0205
  },
  "/Users/user/Documents/NewProject_2/assets/scene/main.scene.meta": {
    "time": 1749633091666.8535
  },
  "/Users/user/Documents/NewProject_2/assets/model/helloWorld/hdcSky.prefab.meta": {
    "time": 1749633091668.2761
  },
  "/Users/user/Documents/NewProject_2/assets/model/helloWorld/islands.prefab.meta": {
    "time": 1749633091679.7112
  },
  "/Users/user/Documents/NewProject_2/assets/model/helloWorld/seafloor.jpg.meta": {
    "time": 1749633091680.0603
  },
  "/Users/user/Documents/NewProject_2/assets/model/helloWorld/shield.jpg.meta": {
    "time": 1749633091684.5986
  },
  "/Users/user/Documents/NewProject_2/assets/model/helloWorld/hdcSky.FBX.meta": {
    "time": 1749633091687.8774
  },
  "/Users/user/Documents/NewProject_2/assets/model/helloWorld/sky.png.meta": {
    "time": 1749633091688.2617
  },
  "/Users/user/Documents/NewProject_2/assets/model/helloWorld/soldier.png.meta": {
    "time": 1749633091844.3655
  },
  "/Users/user/Documents/NewProject_2/assets/model/helloWorld/soldier.prefab.meta": {
    "time": 1749633091847.1165
  },
  "/Users/user/Documents/NewProject_2/assets/model/helloWorld/stone.jpg.meta": {
    "time": 1749633091849.3984
  },
  "/Users/user/Documents/NewProject_2/assets/model/helloWorld/tree.png.meta": {
    "time": 1749633091851.426
  },
  "/Users/user/Documents/NewProject_2/assets/model/helloWorld/grass/grass.mtl.meta": {
    "time": 1749633091933.5046
  },
  "/Users/user/Documents/NewProject_2/assets/skybox/sunnySkyBox.jpg.meta": {
    "time": 1749633091952.5918
  },
  "/Users/user/Documents/NewProject_2/assets/model/helloWorld/grass/grass.png.meta": {
    "time": 1749633091953.4883
  },
  "/Users/user/Documents/NewProject_2/assets/model/helloWorld/grass/grass.prefab.meta": {
    "time": 1749633091968.3003
  },
  "/Users/user/Documents/NewProject_2/assets/model/helloWorld/grass/grassGoup.prefab.meta": {
    "time": 1749633091970.2476
  },
  "/Users/user/Documents/NewProject_2/assets/model/helloWorld/islands.FBX.meta": {
    "time": 1749633091988.4263
  },
  "/Users/user/Documents/NewProject_2/assets/model/helloWorld/soldier.FBX.meta": {
    "time": 1749633091997.4604
  },
  "/Users/user/Documents/NewProject_2/assets/model/helloWorld/grass/grass.FBX.meta": {
    "time": 1749633092003.249
  }
}
