{
  "uuid": {
    "/Users/user/Documents/NewProject_2/assets/material/hdcSky.mtl": [
      "a3cd009f-0ab0-420d-9278-b9fdab939bbc"
    ],
    "/Users/user/Documents/NewProject_2/assets/material/plane.mtl": [
      "a3cd009f-0ab0-420d-9278-b9fdab939bbc"
    ],
    "/Users/user/Documents/NewProject_2/assets/material/shield.mtl": [
      "1baf0fc9-befa-459c-8bdd-af1a450a0319"
    ],
    "/Users/user/Documents/NewProject_2/assets/material/seafloor.mtl": [
      "1baf0fc9-befa-459c-8bdd-af1a450a0319"
    ],
    "/Users/user/Documents/NewProject_2/assets/material/soldier.mtl": [
      "a7612b54-35e3-4238-a1a9-4a7b54635839"
    ],
    "/Users/user/Documents/NewProject_2/assets/material/stone.mtl": [
      "a7612b54-35e3-4238-a1a9-4a7b54635839"
    ],
    "/Users/user/Documents/NewProject_2/assets/material/tree.mtl": [
      "a7612b54-35e3-4238-a1a9-4a7b54635839"
    ],
    "/Users/user/Documents/NewProject_2/assets/model/helloWorld/grass/grass.mtl": [
      "a3cd009f-0ab0-420d-9278-b9fdab939bbc"
    ]
  },
  "path": {
    "/Users/user/Documents/NewProject_2/assets/model/helloWorld/islands.FBX@2df3a": [
      "/Users/user/Documents/NewProject_2/assets/model/helloWorld/seafloor.jpg"
    ],
    "/Users/user/Documents/NewProject_2/assets/model/helloWorld/soldier.FBX@f3caa": [
      "/Users/user/Documents/NewProject_2/assets/model/helloWorld/soldier.png"
    ],
    "/Users/user/Documents/NewProject_2/assets/model/helloWorld/grass/grass.FBX@9787f": [
      "/Users/user/Documents/NewProject_2/assets/model/helloWorld/grass/grass.png"
    ]
  }
}
