{
  "bcb14f34-8131-435f-a8f5-29612c45af59": {
    "url": "db://assets/material",
    "value": {}
  },
  "1ddc11ba-ecbd-4472-841c-f3777cb248da": {
    "url": "db://assets/model",
    "value": {}
  },
  "b0a4abb1-db32-49c3-9e09-a45b922a2094": {
    "url": "db://assets/scene",
    "value": {}
  },
  "9e344b1f-8681-4ddf-bcc6-bb014c332bb8": {
    "url": "db://assets/skybox",
    "value": {}
  },
  "11a1d348-a622-41b2-89f3-ed24657e5f84": {
    "url": "db://assets/model/helloWorld",
    "value": {}
  },
  "e00862a8-c500-427c-b76f-bbe5203f19cc": {
    "url": "db://assets/model/helloWorld/grass",
    "value": {}
  },
  "482a5162-dad9-446c-b548-8486c7598ee1": {
    "url": "db://assets/material/hdcSky.mtl",
    "value": {
      "depends": [
        "a3cd009f-0ab0-420d-9278-b9fdab939bbc",
        "dc4a96c7-321a-48af-81e5-1127ad3ae432@6c48a"
      ]
    }
  },
  "23e988d0-7168-4fe2-9d46-f29c114e9e33": {
    "url": "db://assets/material/plane.mtl",
    "value": {
      "depends": [
        "a3cd009f-0ab0-420d-9278-b9fdab939bbc",
        "4f4c4a34-2d08-4a4d-9169-834d7ce82cee@6c48a"
      ]
    }
  },
  "70d33758-1c1e-424d-b0ab-eac7410559bf": {
    "url": "db://assets/material/seafloor.mtl",
    "value": {
      "depends": [
        "1baf0fc9-befa-459c-8bdd-af1a450a0319",
        "0ab3142a-6968-4073-95af-026bc3b23623@2df3a"
      ]
    }
  },
  "8e047178-f61c-4322-a2f6-d1adb28b6ae2": {
    "url": "db://assets/material/shield.mtl",
    "value": {
      "depends": [
        "1baf0fc9-befa-459c-8bdd-af1a450a0319",
        "95e5b02a-e338-423c-bdbb-17486db1d9eb@6c48a"
      ]
    }
  },
  "8a58ddec-f437-40b9-8ec0-1fc87de97fb5": {
    "url": "db://assets/material/soldier.mtl",
    "value": {
      "depends": [
        "a7612b54-35e3-4238-a1a9-4a7b54635839",
        "6f891a7b-5a08-48e6-9841-ddb364ac86b1@6c48a"
      ]
    }
  },
  "a155f93b-7769-4ca4-b75f-b13e52193859": {
    "url": "db://assets/material/stone.mtl",
    "value": {
      "depends": [
        "a7612b54-35e3-4238-a1a9-4a7b54635839",
        "0718d996-39bf-4ab4-bb63-496666fef467@6c48a"
      ]
    }
  },
  "7bf9df40-4bc9-4e25-8cb0-9a500f949102": {
    "url": "db://assets/material/tree.mtl",
    "value": {
      "depends": [
        "a7612b54-35e3-4238-a1a9-4a7b54635839",
        "c5083e75-ad2e-4ea9-8b33-dee748995b00@6c48a"
      ]
    }
  },
  "7c3e7fab-7b1e-4865-ba84-3cf81b48b9fb": {
    "url": "db://assets/scene/main.scene",
    "value": {
      "depends": [
        "7c3e7fab-7b1e-4865-ba84-3cf81b48b9fb",
        "ccc3a755-7d3d-4304-aa3b-ca4792d79d9f",
        "cfc53c4e-7956-482b-aebc-3fb1dcd36eef",
        "5e4d48c4-0e34-45af-a268-89485197e8bc",
        "5af201b5-5951-4e2c-a81f-ac4aad9132cb@b47c0",
        "5af201b5-5951-4e2c-a81f-ac4aad9132cb@b47c0",
        "5af201b5-5951-4e2c-a81f-ac4aad9132cb@b47c0"
      ]
    }
  },
  "5af201b5-5951-4e2c-a81f-ac4aad9132cb": {
    "url": "db://assets/skybox/sunnySkyBox.jpg",
    "value": {
      "depends": []
    }
  },
  "929e58ce-66a4-4e04-9036-4244456a1220": {
    "url": "db://assets/model/helloWorld/hdcSky.FBX",
    "value": {}
  },
  "f0512d7a-e4f6-4209-8dc0-ed1de7149c85": {
    "url": "db://assets/model/helloWorld/hdcSky.prefab",
    "value": {
      "depends": [
        "482a5162-dad9-446c-b548-8486c7598ee1",
        "929e58ce-66a4-4e04-9036-4244456a1220@f6832"
      ]
    }
  },
  "0ab3142a-6968-4073-95af-026bc3b23623": {
    "url": "db://assets/model/helloWorld/islands.FBX",
    "value": {}
  },
  "ccc3a755-7d3d-4304-aa3b-ca4792d79d9f": {
    "url": "db://assets/model/helloWorld/islands.prefab",
    "value": {
      "depends": [
        "70d33758-1c1e-424d-b0ab-eac7410559bf",
        "0ab3142a-6968-4073-95af-026bc3b23623@2b0a8",
        "a155f93b-7769-4ca4-b75f-b13e52193859",
        "0ab3142a-6968-4073-95af-026bc3b23623@4a7d8",
        "7bf9df40-4bc9-4e25-8cb0-9a500f949102",
        "0ab3142a-6968-4073-95af-026bc3b23623@0e750",
        "7bf9df40-4bc9-4e25-8cb0-9a500f949102",
        "0ab3142a-6968-4073-95af-026bc3b23623@ef86b",
        "7bf9df40-4bc9-4e25-8cb0-9a500f949102",
        "0ab3142a-6968-4073-95af-026bc3b23623@426f2",
        "7bf9df40-4bc9-4e25-8cb0-9a500f949102",
        "0ab3142a-6968-4073-95af-026bc3b23623@754a2",
        "7bf9df40-4bc9-4e25-8cb0-9a500f949102",
        "0ab3142a-6968-4073-95af-026bc3b23623@71919",
        "7bf9df40-4bc9-4e25-8cb0-9a500f949102",
        "0ab3142a-6968-4073-95af-026bc3b23623@1332c",
        "7bf9df40-4bc9-4e25-8cb0-9a500f949102",
        "0ab3142a-6968-4073-95af-026bc3b23623@4d16f",
        "7bf9df40-4bc9-4e25-8cb0-9a500f949102",
        "0ab3142a-6968-4073-95af-026bc3b23623@efe84"
      ]
    }
  },
  "4f4c4a34-2d08-4a4d-9169-834d7ce82cee": {
    "url": "db://assets/model/helloWorld/seafloor.jpg",
    "value": {
      "depends": []
    }
  },
  "4f4c4a34-2d08-4a4d-9169-834d7ce82cee@6c48a": {
    "url": "db://assets/model/helloWorld/seafloor.jpg@6c48a",
    "value": {
      "depends": [
        "4f4c4a34-2d08-4a4d-9169-834d7ce82cee"
      ]
    }
  },
  "95e5b02a-e338-423c-bdbb-17486db1d9eb": {
    "url": "db://assets/model/helloWorld/shield.jpg",
    "value": {
      "depends": []
    }
  },
  "dc4a96c7-321a-48af-81e5-1127ad3ae432": {
    "url": "db://assets/model/helloWorld/sky.png",
    "value": {
      "depends": []
    }
  },
  "929e58ce-66a4-4e04-9036-4244456a1220@f6832": {
    "url": "db://assets/model/helloWorld/hdcSky.FBX@f6832",
    "value": {
      "depends": []
    }
  },
  "929e58ce-66a4-4e04-9036-4244456a1220@7f40d": {
    "url": "db://assets/model/helloWorld/hdcSky.FBX@7f40d",
    "value": {
      "depends": []
    }
  },
  "95e5b02a-e338-423c-bdbb-17486db1d9eb@6c48a": {
    "url": "db://assets/model/helloWorld/shield.jpg@6c48a",
    "value": {
      "depends": [
        "95e5b02a-e338-423c-bdbb-17486db1d9eb"
      ]
    }
  },
  "e3553cad-2f15-4293-859a-8f43c780f289": {
    "url": "db://assets/model/helloWorld/soldier.FBX",
    "value": {
      "depends": []
    }
  },
  "929e58ce-66a4-4e04-9036-4244456a1220@d6067": {
    "url": "db://assets/model/helloWorld/hdcSky.FBX@d6067",
    "value": {
      "depends": [
        "929e58ce-66a4-4e04-9036-4244456a1220@7f40d"
      ]
    }
  },
  "929e58ce-66a4-4e04-9036-4244456a1220@bfc57": {
    "url": "db://assets/model/helloWorld/hdcSky.FBX@bfc57",
    "value": {
      "depends": [
        "482a5162-dad9-446c-b548-8486c7598ee1",
        "929e58ce-66a4-4e04-9036-4244456a1220@f6832"
      ]
    }
  },
  "dc4a96c7-321a-48af-81e5-1127ad3ae432@6c48a": {
    "url": "db://assets/model/helloWorld/sky.png@6c48a",
    "value": {
      "depends": [
        "dc4a96c7-321a-48af-81e5-1127ad3ae432"
      ]
    }
  },
  "6f891a7b-5a08-48e6-9841-ddb364ac86b1": {
    "url": "db://assets/model/helloWorld/soldier.png",
    "value": {
      "depends": []
    }
  },
  "cfc53c4e-7956-482b-aebc-3fb1dcd36eef": {
    "url": "db://assets/model/helloWorld/soldier.prefab",
    "value": {
      "depends": [
        "8a58ddec-f437-40b9-8ec0-1fc87de97fb5",
        "e3553cad-2f15-4293-859a-8f43c780f289@18751",
        "e3553cad-2f15-4293-859a-8f43c780f289@30732",
        "8a58ddec-f437-40b9-8ec0-1fc87de97fb5",
        "e3553cad-2f15-4293-859a-8f43c780f289@da6f3",
        "e3553cad-2f15-4293-859a-8f43c780f289@f1394",
        "8a58ddec-f437-40b9-8ec0-1fc87de97fb5",
        "e3553cad-2f15-4293-859a-8f43c780f289@4b929",
        "e3553cad-2f15-4293-859a-8f43c780f289@75ee4",
        "8e047178-f61c-4322-a2f6-d1adb28b6ae2",
        "e3553cad-2f15-4293-859a-8f43c780f289@39f7b",
        "e3553cad-2f15-4293-859a-8f43c780f289@a72ab",
        "e3553cad-2f15-4293-859a-8f43c780f289@73b7f",
        "e3553cad-2f15-4293-859a-8f43c780f289@73b7f"
      ]
    }
  },
  "6f891a7b-5a08-48e6-9841-ddb364ac86b1@6c48a": {
    "url": "db://assets/model/helloWorld/soldier.png@6c48a",
    "value": {
      "depends": [
        "6f891a7b-5a08-48e6-9841-ddb364ac86b1"
      ]
    }
  },
  "0718d996-39bf-4ab4-bb63-496666fef467": {
    "url": "db://assets/model/helloWorld/stone.jpg",
    "value": {
      "depends": []
    }
  },
  "5af201b5-5951-4e2c-a81f-ac4aad9132cb@b47c0": {
    "url": "db://assets/skybox/sunnySkyBox.jpg@b47c0",
    "value": {
      "depends": [
        "5af201b5-5951-4e2c-a81f-ac4aad9132cb@b47c0@e9a6d",
        "5af201b5-5951-4e2c-a81f-ac4aad9132cb@b47c0@40c10",
        "5af201b5-5951-4e2c-a81f-ac4aad9132cb@b47c0@8fd34",
        "5af201b5-5951-4e2c-a81f-ac4aad9132cb@b47c0@74afd",
        "5af201b5-5951-4e2c-a81f-ac4aad9132cb@b47c0@bb97f",
        "5af201b5-5951-4e2c-a81f-ac4aad9132cb@b47c0@7d38f"
      ]
    }
  },
  "c5083e75-ad2e-4ea9-8b33-dee748995b00": {
    "url": "db://assets/model/helloWorld/tree.png",
    "value": {
      "depends": []
    }
  },
  "5af201b5-5951-4e2c-a81f-ac4aad9132cb@b47c0@e9a6d": {
    "url": "db://assets/skybox/sunnySkyBox.jpg@b47c0@e9a6d",
    "value": {
      "depends": []
    }
  },
  "0ab3142a-6968-4073-95af-026bc3b23623@71919": {
    "url": "db://assets/model/helloWorld/islands.FBX@71919",
    "value": {
      "depends": []
    }
  },
  "0718d996-39bf-4ab4-bb63-496666fef467@6c48a": {
    "url": "db://assets/model/helloWorld/stone.jpg@6c48a",
    "value": {
      "depends": [
        "0718d996-39bf-4ab4-bb63-496666fef467"
      ]
    }
  },
  "aade09ee-8f9d-413c-a9e8-8c686ea5e160": {
    "url": "db://assets/model/helloWorld/grass/grass.FBX",
    "value": {
      "depends": []
    }
  },
  "5af201b5-5951-4e2c-a81f-ac4aad9132cb@b47c0@40c10": {
    "url": "db://assets/skybox/sunnySkyBox.jpg@b47c0@40c10",
    "value": {
      "depends": []
    }
  },
  "0ab3142a-6968-4073-95af-026bc3b23623@2b0a8": {
    "url": "db://assets/model/helloWorld/islands.FBX@2b0a8",
    "value": {
      "depends": []
    }
  },
  "c5083e75-ad2e-4ea9-8b33-dee748995b00@6c48a": {
    "url": "db://assets/model/helloWorld/tree.png@6c48a",
    "value": {
      "depends": [
        "c5083e75-ad2e-4ea9-8b33-dee748995b00"
      ]
    }
  },
  "b698e55a-b00b-4987-a8b4-af83cddc59f7": {
    "url": "db://assets/model/helloWorld/grass/grass.mtl",
    "value": {
      "depends": [
        "a3cd009f-0ab0-420d-9278-b9fdab939bbc",
        "ae18deea-c6e0-4a3d-bf70-ee5533f9ba87@6c48a"
      ]
    }
  },
  "5af201b5-5951-4e2c-a81f-ac4aad9132cb@b47c0@bb97f": {
    "url": "db://assets/skybox/sunnySkyBox.jpg@b47c0@bb97f",
    "value": {
      "depends": []
    }
  },
  "0ab3142a-6968-4073-95af-026bc3b23623@4a7d8": {
    "url": "db://assets/model/helloWorld/islands.FBX@4a7d8",
    "value": {
      "depends": []
    }
  },
  "ae18deea-c6e0-4a3d-bf70-ee5533f9ba87": {
    "url": "db://assets/model/helloWorld/grass/grass.png",
    "value": {
      "depends": []
    }
  },
  "5af201b5-5951-4e2c-a81f-ac4aad9132cb@b47c0@7d38f": {
    "url": "db://assets/skybox/sunnySkyBox.jpg@b47c0@7d38f",
    "value": {
      "depends": []
    }
  },
  "0ab3142a-6968-4073-95af-026bc3b23623@0e750": {
    "url": "db://assets/model/helloWorld/islands.FBX@0e750",
    "value": {
      "depends": []
    }
  },
  "0ab3142a-6968-4073-95af-026bc3b23623@ef86b": {
    "url": "db://assets/model/helloWorld/islands.FBX@ef86b",
    "value": {
      "depends": []
    }
  },
  "5af201b5-5951-4e2c-a81f-ac4aad9132cb@b47c0@74afd": {
    "url": "db://assets/skybox/sunnySkyBox.jpg@b47c0@74afd",
    "value": {
      "depends": []
    }
  },
  "0ab3142a-6968-4073-95af-026bc3b23623@426f2": {
    "url": "db://assets/model/helloWorld/islands.FBX@426f2",
    "value": {
      "depends": []
    }
  },
  "5af201b5-5951-4e2c-a81f-ac4aad9132cb@b47c0@8fd34": {
    "url": "db://assets/skybox/sunnySkyBox.jpg@b47c0@8fd34",
    "value": {
      "depends": []
    }
  },
  "ebe68402-4803-40d3-b0a2-ca696e3f7c60": {
    "url": "db://assets/model/helloWorld/grass/grass.prefab",
    "value": {
      "depends": [
        "b698e55a-b00b-4987-a8b4-af83cddc59f7",
        "aade09ee-8f9d-413c-a9e8-8c686ea5e160@ef5e1",
        "aade09ee-8f9d-413c-a9e8-8c686ea5e160@438fe",
        "aade09ee-8f9d-413c-a9e8-8c686ea5e160@73b7f",
        "aade09ee-8f9d-413c-a9e8-8c686ea5e160@73b7f"
      ]
    }
  },
  "ae18deea-c6e0-4a3d-bf70-ee5533f9ba87@6c48a": {
    "url": "db://assets/model/helloWorld/grass/grass.png@6c48a",
    "value": {
      "depends": [
        "ae18deea-c6e0-4a3d-bf70-ee5533f9ba87"
      ]
    }
  },
  "5e4d48c4-0e34-45af-a268-89485197e8bc": {
    "url": "db://assets/model/helloWorld/grass/grassGoup.prefab",
    "value": {
      "depends": [
        "b698e55a-b00b-4987-a8b4-af83cddc59f7",
        "aade09ee-8f9d-413c-a9e8-8c686ea5e160@ef5e1",
        "aade09ee-8f9d-413c-a9e8-8c686ea5e160@438fe",
        "aade09ee-8f9d-413c-a9e8-8c686ea5e160@73b7f",
        "aade09ee-8f9d-413c-a9e8-8c686ea5e160@73b7f",
        "b698e55a-b00b-4987-a8b4-af83cddc59f7",
        "aade09ee-8f9d-413c-a9e8-8c686ea5e160@ef5e1",
        "aade09ee-8f9d-413c-a9e8-8c686ea5e160@438fe",
        "aade09ee-8f9d-413c-a9e8-8c686ea5e160@73b7f",
        "aade09ee-8f9d-413c-a9e8-8c686ea5e160@73b7f",
        "b698e55a-b00b-4987-a8b4-af83cddc59f7",
        "aade09ee-8f9d-413c-a9e8-8c686ea5e160@ef5e1",
        "aade09ee-8f9d-413c-a9e8-8c686ea5e160@438fe",
        "aade09ee-8f9d-413c-a9e8-8c686ea5e160@73b7f",
        "aade09ee-8f9d-413c-a9e8-8c686ea5e160@73b7f",
        "b698e55a-b00b-4987-a8b4-af83cddc59f7",
        "aade09ee-8f9d-413c-a9e8-8c686ea5e160@ef5e1",
        "aade09ee-8f9d-413c-a9e8-8c686ea5e160@438fe",
        "aade09ee-8f9d-413c-a9e8-8c686ea5e160@73b7f",
        "aade09ee-8f9d-413c-a9e8-8c686ea5e160@73b7f",
        "b698e55a-b00b-4987-a8b4-af83cddc59f7",
        "aade09ee-8f9d-413c-a9e8-8c686ea5e160@ef5e1",
        "aade09ee-8f9d-413c-a9e8-8c686ea5e160@438fe",
        "aade09ee-8f9d-413c-a9e8-8c686ea5e160@73b7f",
        "aade09ee-8f9d-413c-a9e8-8c686ea5e160@73b7f",
        "b698e55a-b00b-4987-a8b4-af83cddc59f7",
        "aade09ee-8f9d-413c-a9e8-8c686ea5e160@ef5e1",
        "aade09ee-8f9d-413c-a9e8-8c686ea5e160@438fe",
        "aade09ee-8f9d-413c-a9e8-8c686ea5e160@73b7f",
        "aade09ee-8f9d-413c-a9e8-8c686ea5e160@73b7f",
        "b698e55a-b00b-4987-a8b4-af83cddc59f7",
        "aade09ee-8f9d-413c-a9e8-8c686ea5e160@ef5e1",
        "aade09ee-8f9d-413c-a9e8-8c686ea5e160@438fe",
        "aade09ee-8f9d-413c-a9e8-8c686ea5e160@73b7f",
        "aade09ee-8f9d-413c-a9e8-8c686ea5e160@73b7f",
        "b698e55a-b00b-4987-a8b4-af83cddc59f7",
        "aade09ee-8f9d-413c-a9e8-8c686ea5e160@ef5e1",
        "aade09ee-8f9d-413c-a9e8-8c686ea5e160@438fe",
        "aade09ee-8f9d-413c-a9e8-8c686ea5e160@73b7f",
        "aade09ee-8f9d-413c-a9e8-8c686ea5e160@73b7f",
        "b698e55a-b00b-4987-a8b4-af83cddc59f7",
        "aade09ee-8f9d-413c-a9e8-8c686ea5e160@ef5e1",
        "aade09ee-8f9d-413c-a9e8-8c686ea5e160@438fe",
        "aade09ee-8f9d-413c-a9e8-8c686ea5e160@73b7f",
        "aade09ee-8f9d-413c-a9e8-8c686ea5e160@73b7f",
        "b698e55a-b00b-4987-a8b4-af83cddc59f7",
        "aade09ee-8f9d-413c-a9e8-8c686ea5e160@ef5e1",
        "aade09ee-8f9d-413c-a9e8-8c686ea5e160@438fe",
        "aade09ee-8f9d-413c-a9e8-8c686ea5e160@73b7f",
        "aade09ee-8f9d-413c-a9e8-8c686ea5e160@73b7f",
        "b698e55a-b00b-4987-a8b4-af83cddc59f7",
        "aade09ee-8f9d-413c-a9e8-8c686ea5e160@ef5e1",
        "aade09ee-8f9d-413c-a9e8-8c686ea5e160@438fe",
        "aade09ee-8f9d-413c-a9e8-8c686ea5e160@73b7f",
        "aade09ee-8f9d-413c-a9e8-8c686ea5e160@73b7f",
        "b698e55a-b00b-4987-a8b4-af83cddc59f7",
        "aade09ee-8f9d-413c-a9e8-8c686ea5e160@ef5e1",
        "aade09ee-8f9d-413c-a9e8-8c686ea5e160@438fe",
        "aade09ee-8f9d-413c-a9e8-8c686ea5e160@73b7f",
        "aade09ee-8f9d-413c-a9e8-8c686ea5e160@73b7f"
      ]
    }
  },
  "0ab3142a-6968-4073-95af-026bc3b23623@754a2": {
    "url": "db://assets/model/helloWorld/islands.FBX@754a2",
    "value": {
      "depends": []
    }
  },
  "e3553cad-2f15-4293-859a-8f43c780f289@18751": {
    "url": "db://assets/model/helloWorld/soldier.FBX@18751",
    "value": {
      "depends": []
    }
  },
  "e3553cad-2f15-4293-859a-8f43c780f289@30732": {
    "url": "db://assets/model/helloWorld/soldier.FBX@30732",
    "value": {
      "depends": []
    }
  },
  "0ab3142a-6968-4073-95af-026bc3b23623@1332c": {
    "url": "db://assets/model/helloWorld/islands.FBX@1332c",
    "value": {
      "depends": []
    }
  },
  "e3553cad-2f15-4293-859a-8f43c780f289@da6f3": {
    "url": "db://assets/model/helloWorld/soldier.FBX@da6f3",
    "value": {
      "depends": []
    }
  },
  "0ab3142a-6968-4073-95af-026bc3b23623@4d16f": {
    "url": "db://assets/model/helloWorld/islands.FBX@4d16f",
    "value": {
      "depends": []
    }
  },
  "e3553cad-2f15-4293-859a-8f43c780f289@4b929": {
    "url": "db://assets/model/helloWorld/soldier.FBX@4b929",
    "value": {
      "depends": []
    }
  },
  "0ab3142a-6968-4073-95af-026bc3b23623@efe84": {
    "url": "db://assets/model/helloWorld/islands.FBX@efe84",
    "value": {
      "depends": []
    }
  },
  "e3553cad-2f15-4293-859a-8f43c780f289@39f7b": {
    "url": "db://assets/model/helloWorld/soldier.FBX@39f7b",
    "value": {
      "depends": []
    }
  },
  "0ab3142a-6968-4073-95af-026bc3b23623@eeccb": {
    "url": "db://assets/model/helloWorld/islands.FBX@eeccb",
    "value": {
      "depends": []
    }
  },
  "0ab3142a-6968-4073-95af-026bc3b23623@3b6f8": {
    "url": "db://assets/model/helloWorld/islands.FBX@3b6f8",
    "value": {
      "depends": []
    }
  },
  "0ab3142a-6968-4073-95af-026bc3b23623@2df3a": {
    "url": "db://assets/model/helloWorld/islands.FBX@2df3a",
    "value": {
      "depends": [
        "4f4c4a34-2d08-4a4d-9169-834d7ce82cee"
      ]
    }
  },
  "0ab3142a-6968-4073-95af-026bc3b23623@91a84": {
    "url": "db://assets/model/helloWorld/islands.FBX@91a84",
    "value": {
      "depends": [
        "0ab3142a-6968-4073-95af-026bc3b23623@eeccb"
      ]
    }
  },
  "e3553cad-2f15-4293-859a-8f43c780f289@73b7f": {
    "url": "db://assets/model/helloWorld/soldier.FBX@73b7f",
    "value": {
      "depends": []
    }
  },
  "0ab3142a-6968-4073-95af-026bc3b23623@0595c": {
    "url": "db://assets/model/helloWorld/islands.FBX@0595c",
    "value": {
      "depends": [
        "0ab3142a-6968-4073-95af-026bc3b23623@3b6f8"
      ]
    }
  },
  "e3553cad-2f15-4293-859a-8f43c780f289@f1394": {
    "url": "db://assets/model/helloWorld/soldier.FBX@f1394",
    "value": {
      "depends": []
    }
  },
  "0ab3142a-6968-4073-95af-026bc3b23623@cc8e5": {
    "url": "db://assets/model/helloWorld/islands.FBX@cc8e5",
    "value": {
      "depends": [
        "70d33758-1c1e-424d-b0ab-eac7410559bf",
        "0ab3142a-6968-4073-95af-026bc3b23623@2b0a8",
        "a155f93b-7769-4ca4-b75f-b13e52193859",
        "0ab3142a-6968-4073-95af-026bc3b23623@4a7d8",
        "7bf9df40-4bc9-4e25-8cb0-9a500f949102",
        "0ab3142a-6968-4073-95af-026bc3b23623@0e750",
        "7bf9df40-4bc9-4e25-8cb0-9a500f949102",
        "0ab3142a-6968-4073-95af-026bc3b23623@ef86b",
        "7bf9df40-4bc9-4e25-8cb0-9a500f949102",
        "0ab3142a-6968-4073-95af-026bc3b23623@426f2",
        "7bf9df40-4bc9-4e25-8cb0-9a500f949102",
        "0ab3142a-6968-4073-95af-026bc3b23623@754a2",
        "7bf9df40-4bc9-4e25-8cb0-9a500f949102",
        "0ab3142a-6968-4073-95af-026bc3b23623@71919",
        "7bf9df40-4bc9-4e25-8cb0-9a500f949102",
        "0ab3142a-6968-4073-95af-026bc3b23623@1332c",
        "7bf9df40-4bc9-4e25-8cb0-9a500f949102",
        "0ab3142a-6968-4073-95af-026bc3b23623@4d16f",
        "7bf9df40-4bc9-4e25-8cb0-9a500f949102",
        "0ab3142a-6968-4073-95af-026bc3b23623@efe84"
      ]
    }
  },
  "e3553cad-2f15-4293-859a-8f43c780f289@75ee4": {
    "url": "db://assets/model/helloWorld/soldier.FBX@75ee4",
    "value": {
      "depends": []
    }
  },
  "e3553cad-2f15-4293-859a-8f43c780f289@a72ab": {
    "url": "db://assets/model/helloWorld/soldier.FBX@a72ab",
    "value": {
      "depends": []
    }
  },
  "e3553cad-2f15-4293-859a-8f43c780f289@e94f1": {
    "url": "db://assets/model/helloWorld/soldier.FBX@e94f1",
    "value": {
      "depends": []
    }
  },
  "e3553cad-2f15-4293-859a-8f43c780f289@f3caa": {
    "url": "db://assets/model/helloWorld/soldier.FBX@f3caa",
    "value": {
      "depends": [
        "6f891a7b-5a08-48e6-9841-ddb364ac86b1"
      ]
    }
  },
  "e3553cad-2f15-4293-859a-8f43c780f289@a2be1": {
    "url": "db://assets/model/helloWorld/soldier.FBX@a2be1",
    "value": {
      "depends": [
        "e3553cad-2f15-4293-859a-8f43c780f289@e94f1"
      ]
    }
  },
  "aade09ee-8f9d-413c-a9e8-8c686ea5e160@ef5e1": {
    "url": "db://assets/model/helloWorld/grass/grass.FBX@ef5e1",
    "value": {
      "depends": []
    }
  },
  "e3553cad-2f15-4293-859a-8f43c780f289@d252c": {
    "url": "db://assets/model/helloWorld/soldier.FBX@d252c",
    "value": {
      "depends": [
        "8a58ddec-f437-40b9-8ec0-1fc87de97fb5",
        "e3553cad-2f15-4293-859a-8f43c780f289@18751",
        "e3553cad-2f15-4293-859a-8f43c780f289@30732",
        "8a58ddec-f437-40b9-8ec0-1fc87de97fb5",
        "e3553cad-2f15-4293-859a-8f43c780f289@da6f3",
        "e3553cad-2f15-4293-859a-8f43c780f289@f1394",
        "8a58ddec-f437-40b9-8ec0-1fc87de97fb5",
        "e3553cad-2f15-4293-859a-8f43c780f289@4b929",
        "e3553cad-2f15-4293-859a-8f43c780f289@75ee4",
        "8e047178-f61c-4322-a2f6-d1adb28b6ae2",
        "e3553cad-2f15-4293-859a-8f43c780f289@39f7b",
        "e3553cad-2f15-4293-859a-8f43c780f289@a72ab",
        "e3553cad-2f15-4293-859a-8f43c780f289@73b7f",
        "e3553cad-2f15-4293-859a-8f43c780f289@73b7f"
      ]
    }
  },
  "aade09ee-8f9d-413c-a9e8-8c686ea5e160@73b7f": {
    "url": "db://assets/model/helloWorld/grass/grass.FBX@73b7f",
    "value": {
      "depends": []
    }
  },
  "aade09ee-8f9d-413c-a9e8-8c686ea5e160@438fe": {
    "url": "db://assets/model/helloWorld/grass/grass.FBX@438fe",
    "value": {
      "depends": []
    }
  },
  "aade09ee-8f9d-413c-a9e8-8c686ea5e160@9787f": {
    "url": "db://assets/model/helloWorld/grass/grass.FBX@9787f",
    "value": {
      "depends": [
        "ae18deea-c6e0-4a3d-bf70-ee5533f9ba87"
      ]
    }
  },
  "aade09ee-8f9d-413c-a9e8-8c686ea5e160@3022b": {
    "url": "db://assets/model/helloWorld/grass/grass.FBX@3022b",
    "value": {
      "depends": [
        "b698e55a-b00b-4987-a8b4-af83cddc59f7",
        "aade09ee-8f9d-413c-a9e8-8c686ea5e160@ef5e1",
        "aade09ee-8f9d-413c-a9e8-8c686ea5e160@438fe",
        "aade09ee-8f9d-413c-a9e8-8c686ea5e160@73b7f",
        "aade09ee-8f9d-413c-a9e8-8c686ea5e160@73b7f"
      ]
    }
  }
}
