{
  "__type__": "cc.Mesh",
  "_name": "",
  "_objFlags": 0,
  "_native": ".bin",
  "_struct": {
    "primitives": [
      {
        "primitiveMode": 7,
        "vertexBundelIndices": [
          0
        ],
        "indexView": {
          "offset": 26832,
          "length": 5760,
          "count": 2880,
          "stride": 2
        }
      }
    ],
    "vertexBundles": [
      {
        "view": {
          "offset": 0,
          "length": 26832,
          "count": 559,
          "stride": 48
        },
        "attributes": [
          {
            "name": "a_position",
            "format": 32,
            "isNormalized": false
          },
          {
            "name": "a_normal",
            "format": 32,
            "isNormalized": false
          },
          {
            "name": "a_texCoord",
            "format": 21,
            "isNormalized": false
          },
          {
            "name": "a_tangent",
            "format": 44,
            "isNormalized": false
          }
        ]
      }
    ],
    "minPosition": {
      "__type__": "cc.Vec3",
      "x": -138.77093505859375,
      "y": -138.77093505859375,
      "z": -138.77093505859375
    },
    "maxPosition": {
      "__type__": "cc.Vec3",
      "x": 138.77093505859375,
      "y": 138.77093505859375,
      "z": 138.77093505859375
    }
  },
  "_hash": 1432614344,
  "_allowDataAccess": true
}