[
    1,
    0,
    0,
    [
        [
            "cc.Mesh",
            [
                "_native",
                "_hash",
                "_struct"
            ],
            1,
            11
        ]
    ],
    [
        [
            0,
            0,
            1,
            2,
            3
        ]
    ],
    [
        [
            0,
            ".bin",
            2718085466,
            [
                {
                    "primitives": [
                        {
                            "primitiveMode": 7,
                            "vertexBundelIndices": [
                                0
                            ],
                            "indexView": {
                                "offset": 2016,
                                "length": 264,
                                "count": 132,
                                "stride": 2
                            }
                        }
                    ],
                    "vertexBundles": [
                        {
                            "view": {
                                "offset": 0,
                                "length": 2016,
                                "count": 28,
                                "stride": 72
                            },
                            "attributes": [
                                {
                                    "name": "a_position",
                                    "format": 32,
                                    "isNormalized": false
                                },
                                {
                                    "name": "a_normal",
                                    "format": 32,
                                    "isNormalized": false
                                },
                                {
                                    "name": "a_texCoord",
                                    "format": 21,
                                    "isNormalized": false
                                },
                                {
                                    "name": "a_tangent",
                                    "format": 44,
                                    "isNormalized": false
                                },
                                {
                                    "name": "a_joints",
                                    "format": 42,
                                    "isNormalized": false
                                },
                                {
                                    "name": "a_weights",
                                    "format": 44,
                                    "isNormalized": false
                                }
                            ]
                        }
                    ]
                },
                "minPosition",
                8,
                [
                    1,
                    0.004531483631581068,
                    -0.006827499717473984,
                    -0.009057947434484959
                ],
                "maxPosition",
                8,
                [
                    1,
                    0.00610683299601078,
                    -0.003189224749803543,
                    0.0015691547887399793
                ]
            ]
        ],
        -1
    ],
    0,
    0,
    [],
    [],
    []
]
