{
  "__type__": "cc.Material",
  "_name": "grass",
  "_objFlags": 0,
  "_native": "",
  "_effectAsset": {
    "__uuid__": "a3cd009f-0ab0-420d-9278-b9fdab939bbc"
  },
  "_techIdx": 0,
  "_defines": [
    {
      "USE_TEXTURE": true
    }
  ],
  "_states": [
    {
      "blendState": {
        "targets": [
          {}
        ]
      },
      "depthStencilState": {},
      "rasterizerState": {}
    }
  ],
  "_props": [
    {
      "mainTexture": {
        "__uuid__": "ae18deea-c6e0-4a3d-bf70-ee5533f9ba87@6c48a"
      },
      "alphaThreshold": 0
    }
  ]
}