{
  "imports": {
    "cce:/internal/x/cc": "./chunks/ce/cee638a986ad8fae09398db255647defcaa6612a.js",
    "cce:/internal/x/prerequisite-imports": "./chunks/48/48925ed89f58b0eff72f0ddf69b47c4b5e8f623a.js",
    "file:///Users/user/Downloads/engine/editor/assets/tools/debug-view-runtime-control.ts": "./chunks/88/8821fd4796f0f69e38b652f013909d90234a845e.js"
  },
  "scopes": {
    "./chunks/ce/cee638a986ad8fae09398db255647defcaa6612a.js": {
      "__unresolved_0": "cce:/internal/x/cc-fu/base",
      "__unresolved_1": "cce:/internal/x/cc-fu/gfx-webgl",
      "__unresolved_10": "cce:/internal/x/cc-fu/particle",
      "__unresolved_11": "cce:/internal/x/cc-fu/particle-2d",
      "__unresolved_12": "cce:/internal/x/cc-fu/physics-framework",
      "__unresolved_13": "cce:/internal/x/cc-fu/physics-2d-framework",
      "__unresolved_14": "cce:/internal/x/cc-fu/intersection-2d",
      "__unresolved_15": "cce:/internal/x/cc-fu/primitive",
      "__unresolved_16": "cce:/internal/x/cc-fu/profiler",
      "__unresolved_17": "cce:/internal/x/cc-fu/geometry-renderer",
      "__unresolved_18": "cce:/internal/x/cc-fu/audio",
      "__unresolved_19": "cce:/internal/x/cc-fu/video",
      "__unresolved_2": "cce:/internal/x/cc-fu/gfx-webgl2",
      "__unresolved_20": "cce:/internal/x/cc-fu/xr",
      "__unresolved_21": "cce:/internal/x/cc-fu/light-probe",
      "__unresolved_22": "cce:/internal/x/cc-fu/terrain",
      "__unresolved_23": "cce:/internal/x/cc-fu/webview",
      "__unresolved_24": "cce:/internal/x/cc-fu/tween",
      "__unresolved_25": "cce:/internal/x/cc-fu/tiled-map",
      "__unresolved_26": "cce:/internal/x/cc-fu/spine",
      "__unresolved_27": "cce:/internal/x/cc-fu/dragon-bones",
      "__unresolved_28": "cce:/internal/x/cc-fu/custom-pipeline",
      "__unresolved_3": "cce:/internal/x/cc-fu/gfx-empty",
      "__unresolved_4": "cce:/internal/x/cc-fu/3d",
      "__unresolved_5": "cce:/internal/x/cc-fu/animation",
      "__unresolved_6": "cce:/internal/x/cc-fu/skeletal-animation",
      "__unresolved_7": "cce:/internal/x/cc-fu/2d",
      "__unresolved_8": "cce:/internal/x/cc-fu/sorting",
      "__unresolved_9": "cce:/internal/x/cc-fu/ui"
    },
    "./chunks/48/48925ed89f58b0eff72f0ddf69b47c4b5e8f623a.js": {
      "__unresolved_0": "./chunks/88/8821fd4796f0f69e38b652f013909d90234a845e.js"
    },
    "./chunks/88/8821fd4796f0f69e38b652f013909d90234a845e.js": {
      "cc": "./chunks/ce/cee638a986ad8fae09398db255647defcaa6612a.js"
    }
  }
}
